ItemNeckPostureCollarRings,Rings
ItemArmsHighSecurityStraitJacketCanvas,Canvas
ItemArmsHighSecurityStraitJacketStraps,Straps
ItemArmsTransportJacketCanvas,Canvas
ItemArmsTransportJacketStripes,Stripes
ItemArmsLatexArmbinderBottomStrap,Bottom Strap
ItemArmsLatexArmbinderTopStrap,Top Strap
ItemNipplesTapedVibeEggsEggs,Vibe Eggs
ItemNipplesTapedVibeEggsTape,Tape Strips
ItemDevicesCageCage,Cage
ItemDevicesCoffinMain,Coffin
ItemDevicesCryoCapsuleMain,Capsule
ItemDevicesVacBedDeluxeSheet,Sheet
ItemDevicesVacBedDeluxeBody,Body
ItemDevicesFuckMachineMachine,Machine
ItemDevicesDollBoxBox,Box
ItemDevicesDollBoxText,Label & Text
ItemHoodOldGasMaskAttachments,Attachments
ClothLowerTutuTutu,Tutu
ItemDevicesFuturisticCratePadding,Padding
ItemDevicesFuturisticCrateStructure,Structure
ItemDevicesFuturisticCratePleasure,Pleasure Module
ItemDevicesFuturisticCrateHarness,Harness
ItemMouthPonyGagStraps,Straps
ItemMouth2PonyGagStraps,Straps
ItemMouth3PonyGagStraps,Straps
ItemArmsSturdyLeatherBeltsBelts,Belts
ItemArmsSturdyLeatherBeltsMetal,Metal
ItemLegsSturdyLeatherBeltsBelts,Belts
ItemLegsSturdyLeatherBeltsMetal,Metal
ItemFeetSturdyLeatherBeltsBelts,Belts
ItemFeetSturdyLeatherBeltsMetal,Metal
ItemDevicesWoodenRackWood,Wood
ItemPelvisObedienceBeltMetal,Metal
ItemVulvaPiercingsRoundClitPiercingAddons,Addons
