Cloth,,Cloth
Cloth,CollegeOutfit1,College
Cloth,MaidOutfit1,Maid
Cloth,MaidOutfit2,Maid Exposed
Cloth,StudentOutfit1,Student Black
Cloth,StudentOutfit2,Student Bow
Cloth,StudentOutfit3,Student Top
Cloth,BabydollDress1,Babydoll Dress
Cloth,TeacherOutfit1,Teacher
Cloth,ChineseDress1,Chinese Dress
Cloth,ChineseDress2,Chinese Long
Cloth,TShirt1,T-Shirt
Cloth,TShirt2,Classic T-Shirt
Cloth,TennisShirt1,Tennis
Cloth,Sweater1,Sweater
Cloth,MistressTop,Mistress Top
Cloth,AdultBabyDress1,Puffy Dress
Cloth,AdultBabyDress2,Bows Dress
Cloth,AdultBabyDress3,Summer flower dress
Cloth,AdultBabyDress4,Shiny dress
Cloth,NurseUniform,Nurse Uniform
Cloth,Robe1,Robe
Cloth,SuspenderTop1,Suspender Top
Cloth,LeatherCorsetTop1,Leather Corset Top
Cloth,FlowerDress,Flower Dress
Cloth,Dress2,Nomadic Dress
Cloth,LaceBabydoll,Lace Babydoll
Cloth,SleevelessTop,Sleeveless Top
Cloth,DressFur,Dress with Fur
Cloth,BodyTowel1,Towel
Cloth,Yukata1,Yukata
Cloth,SteampunkCorsetTop1,Steampunk Corset
Cloth,BondageDress1,Bondage Dress Style 1
Cloth,BondageDress2,Bondage Dress Style 2
Cloth,ShoulderlessTop,Shoulderless Top
Cloth,Dress3,Long Dress
Cloth,ComfyTop,Sleep Top
Cloth,WeddingDress1,Wedding Dress
Cloth,WeddingDress2,Shoulderless Wedding Dress
Cloth,BridesmaidDress1,Bridesmaid Dress
Cloth,Gown1,Puffball Gown
Cloth,Gown2Top,Hobble Gown
Cloth,Gown3,Shiny Gown
Cloth,MaidApron1,Maid Apron
Cloth,MaidApron2,Exposed Maid Apron
Cloth,AdmiralTop,Admiral Top
Cloth,VirginKiller1,Virgin Killer
Cloth,ReverseBunnySuit,Reverse Bunny Suit Top
Cloth,LeatherCropTop, Leather Crop Top
Cloth,CorsetShirt,Corset Shirt
Cloth,BondageBustier1,Bondage Bustier 1
Cloth,BondageBustier2,Bondage Bustier 2
Cloth,LeatherBolero,Leather Bolero
Cloth,Bodice1,Bodice
Cloth,SummerDress,Summer Dress
Cloth,GrandMage,Grand Mage Dress
Cloth,Blouse1,Blouse
Cloth,LatexTop,Laced Latex Top
Cloth,LatexLacedSuit,Latex Laced Suit
Cloth,FurCoat,Fur Coat
Cloth,FuzzyDress,Fuzzy Dress
Cloth,CropTop,Crop Top
Cloth,Laurel,Laurel Top
Cloth,SeethroughTop,See-through Top
Cloth,Jacket,Jacket
ClothAccessory,,Cloth Accessory
ClothAccessory,StudentOutfit3Scarf,Student Scarf
ClothAccessory,StudentOutfit3Bow1,Student Bow 1
ClothAccessory,StudentOutfit3Bow2,Student Bow 2
ClothAccessory,StudentOutfit3Bow3,Student Bow 3
ClothAccessory,Bouquet,Bouquet of flowers
ClothAccessory,FrillyApron,Frilly Apron
ClothAccessory,BunnyCollarCuffs,Bunny Girl Accessories
ClothAccessory,Camera1,Camera
ClothAccessory,Cape,Cape
ClothAccessory,LeatherStraps,Leather Straps
ClothAccessory,FurBolero,Fur Bolero
ClothAccessory,FacePaint, Face Paint
ClothAccessory,Bib,Bib
ClothAccessory,Scarf,Scarf
ClothAccessory,Glitter,Glitter
ClothAccessory,CatsuitCollar,Catsuit Collar
ClothAccessory,Poncho,Poncho
Necklace,,Necklace
Necklace,Necklace1,Fancy Necklace
Necklace,Necklace2,Beaded Necklace
Necklace,Necklace3,Long Beaded Necklace
Necklace,Necklace4,Pearl Necklace
Necklace,NecklaceLock,Lock Necklace
Necklace,NecklaceKey,Key Necklace
Necklace,IDCard,ID Card
Necklace,BlackHeart,Black Heart
Necklace,NecklaceBallGag,Ball Gag
Necklace,ElegantHeartNecklace,Elegant Heart Necklace
Necklace,Bandana,Bandana
Necklace,FurScarf,Fur Scarf
Necklace,FlowerGarland,Flower Garland
Necklace,NecklaceRope,Rope Necklace
Necklace,ChokerTattoo,Tattoo Choker
Necklace,CatsuitCollar,Catsuit Collar
Necklace,BodyChainNecklace,Body Chain Necklace
Suit,,Upper Suit
Suit,Catsuit,Catsuit
Suit,SeamlessCatsuit, Seamless Catsuit
Suit,SleevelessCatsuit, Sleeveless Catsuit
Suit,PilotSuit,Pilot Suit
Suit,SeethroughSuit,See-through Suit
Suit,SeethroughSuitZip,See-through Zipsuit
Suit,ReverseBunnySuit,Reverse Bunny Suit
Suit,Blouse1,Blouse
Suit,SleevelessSlimLatexLeotard,Slim Latex Leotard (Sleeveless)
ClothLower,,Bottom
ClothLower,Skirt1,Skirt
ClothLower,Skirt2,Student Skirt
ClothLower,Skirt3,Student Skirt Short
ClothLower,TennisSkirt1,Tennis
ClothLower,Jeans1,Jeans
ClothLower,Shorts1,Shorts
ClothLower,Pajama1,Pajama
ClothLower,MistressBottom,Mistress Bottom
ClothLower,Waspie1,Bondage Waspie
ClothLower,Waspie2,Royal Waspie
ClothLower,Waspie3,Straps Waspie
ClothLower,LatexPants1,Latex Pants
ClothLower,LatexSkirt1,Latex Skirt
ClothLower,LatexSkirt2,Long Latex Skirt
ClothLower,Tutu,Tutu
ClothLower,HulaSkirt,Hula Skirt
ClothLower,ClothSkirt1,Patterned Skirt
ClothLower,Jeans2,Ripped Jeans
ClothLower,ChineseSkirt1,Chinese Skirt
ClothLower,Gown2Skirt,Hobble Gown Skirt
ClothLower,AdmiralSkirt,Admiral Skirt
ClothLower,JeanSkirt,Jean Skirt
ClothLower,PencilSkirt,Pencil Skirt
ClothLower,JeansShorts,Jeans Shorts
ClothLower,Leggings1,Short Leggings
ClothLower,Leggings2,Long Leggings
ClothLower,PleatedSkirt,Pleated Skirt
ClothLower,MageSkirt,Witch's Skirt
ClothLower,LongSkirt1,Long Skirt
ClothLower,ShortPencilSkirt,Short Pencil Skirt
ClothLower,HaremPants,Harem Pants
ClothLower,HaremPants2,Harem Pants 2
ClothLower,ShortPlaidSkirt,Short Plaid Skirt
ClothLower,CollegeSkirt,College Skirt
ClothLower,BondageSkirt,Bondage Skirt
ClothLower,AsymmetricSkirt,Asymmetric Skirt
ClothLower,ElegantSkirt,Elegant Skirt
ClothLower,RuffledSkirt,Ruffled Skirt
SuitLower,,Suit Lower
SuitLower,Catsuit,Catsuit
SuitLower,SeamlessCatsuit, Seamless Catsuit
SuitLower,CatsuitPanties, Catsuit Panties
SuitLower,PilotSuit,Pilot Suit
SuitLower,PilotPanties,Pilot Suit Panties
SuitLower,SeethroughSuit,See-through Suit
SuitLower,SeethroughSuitZip,See-through Zipsuit
SuitLower,ReverseBunnySuit,Reverse Bunny Suit
SuitLower,Pantyhose1,Pantyhose
SuitLower,Pantyhose2,Crotchless Pantyhose
SuitLower,Stockings1,Stockings Dark
SuitLower,Stockings2,Stockings Light
SuitLower,Stockings3,Silky Stockings
SuitLower,Stockings4,Fishnet Stockings
Bra,,Bra
Bra,Bra1,Style 1
Bra,Bra2,Style 2
Bra,Bra7,Style 3
Bra,Bra8,Lace and Satin
Bra,Bra9,Strapless
Bra,Bandeau1,Bandeau
Bra,Bustier1,Satin Bustier
Bra,Bikini1,Frilled Bikini
Bra,MaidBra1,Maid Bra
Bra,SexyBikini1,Demonique Bikini
Bra,SexyBikini2,Micro Bikini
Bra,SexyBikini3,One Piece Swimsuit
Bra,Swimsuit1,Swimsuit style 1
Bra,Swimsuit2,Swimsuit style 2
Bra,BunnySuit,Bunny Girl Bodysuit
Bra,LatexBunnySuit,Latex Bunny Girl Bodysuit
Bra,FrameBra1,Frame Bra Style 1
Bra,FrameBra2,Frame Bra Style 2
Bra,BondageBra1,Bondage Bra
Bra,LatexBra1,Latex Bra
Bra,HarnessBra1,Bondage Harness
Bra,HarnessBra2,Leather Strap Harness
Bra,CuteBikini1,Cute Bikini
Bra,CorsetBikini1,Corset Bikini
Bra,OuvertPerl1,Ouvert Perl
Bra,Sarashi1,Sarashi
Bra,KittyBra1,Kitty Bra
Bra,FishnetBikini1,Fishnet Bikini
Bra,SexyBeachBra1,Sexy Beach Bra
Bra,SexyBikiniBra1,Micro Bikini Top
Bra,StarHarnessBra,Star Harness
Bra,HeartTop,Heart Top
Bra,ChineseBra1,Chinese Bra
Bra,LeatherStrapBra1,Leather Strap Bra
Bra,Swimsuit3,Swimsuit style 3
Bra,ClamShell,Clamshell Bra
Bra,CowPrintedBra,Cow Printed Bra
Bra,StuddedHarness,Studded Harness
Bra,Camisole,Camisole
Bra,Ribbons,Ribbons
Bra,LeatherBreastBinder,Leather Breast Binder
Bra,SilkStraps,Silk Straps
Bra,FullLatexBra,Full Latex Bra
Bra,FullLatexBra2,Full Latex Bra (Bright)
Bra,HaremBra,Harem Bra
Bra,FlowerBra,Flower Bra
Bra,Bra10,Style 4
Bra,CoconutBra,Coconut Bra
Bra,SleevelessSlimLatexLeotard,Slim Latex Leotard (Sleeveless)
Corset,,Corset
Corset,Corset1,Corset + Garters
Corset,Corset2,Corset
Corset,Corset3,Half Cup Corset
Corset,Corset4,Under Bust Corset
Corset,Corset5,Floral Corset
Corset,LatexCorset1,Latex Corset
Corset,LeatherCorsetTop1,Leather Corset Top
Corset,Corset6,Noble Corset
Corset,SteampunkCorsetTop1,Steampunk Corset
Panties,,Panties
Panties,Panties1,Style 1
Panties,Panties7,Style 2
Panties,Panties8,Style 3
Panties,Panties11,Style 4
Panties,Panties12,String Bikini
Panties,Panties13,Satin Bikini
Panties,Panties14,High Cut
Panties,Panties15,Thong
Panties,Bikini1,Frilled Bikini
Panties,Diapers1,Diaper
Panties,Diapers2,Plastic Covered Diaper
Panties,Diapers3,Satin Covered Diaper
Panties,Diapers4,Patterned Diaper
Panties,Panties16,Frill Panties
Panties,MaidPanties1,Latex Maid Panties
Panties,MaidPanties2,Maid Panties
Panties,LatexPanties1,Crotchless Latex Panties
Panties,WrapPanties1,Wrap Panties
Panties,CrotchPanties1,Crotchless Briefs
Panties,LatexCrotchlessPanties,Crotchless Latex Panties 2
Panties,RedBowPanties,Bow Panties
Panties,StringPanties1,G-String Panties
Panties,StringPasty1,G-String Pasty
Panties,ZipPanties1,Zip-String Panties
Panties,HarnessPanties1,Bondage Harness
Panties,HarnessPanties2,Full Bondage Harness
Panties,KittyPanties1,Kitty Panties
Panties,PearlPanties1,Pearl String
Panties,SunstripePanties1,Sunstripe Panties
Panties,SexyBeachPanties1,Sexy Beach Panties
Panties,ChinesePanties1,Chinese Panties
Panties,LeatherStrapPanties1,Leather Strap Panties
Panties,CowPrintedPanties,Cow Printed Panties
Panties,LatexPanties2,Latex Panties
Panties,PilotPanties,Pilot Panties
Panties,CatsuitPanties,Catsuit Panties
Panties,SilkStraps,Silk Straps
Panties,FlowerPanties,Flower Panties
Panties,FloralPanties2,Floral Panties 2
Panties,BulkyDiaper,Bulky Diaper
Panties,PoofyDiaper,Poofy Diaper
Panties,Thong,Thong 2
Panties,StringThong,String Thong
Panties,MicroThong,Micro Thong
Socks,,Socks
Socks,Socks0,Ankle
Socks,Socks1,Short
Socks,Socks2,Regular
Socks,Socks3,Middle Leg
Socks,Socks4,High Leg
Socks,Socks5,Full Leg
Socks,Stockings1,Stockings Dark
Socks,Stockings2,Stockings Light
Socks,Stockings3,Silky Stockings
Socks,Stockings4,Fishnet Stockings
Socks,Pantyhose1,Pantyhose
Socks,Socks6,Frill Socks
Socks,SocksFur,Socks with Fur
Socks,SocksStriped1,Striped Socks
Socks,LatexSocks1,Latex Socks
Socks,FootlessSocks1,Footless Socks
Socks,ReverseBunnySuit,Reverse Bunny Suit Stockings
Socks,LeatherSocks1,Short Leather Socks
Socks,Pantyhose2,Crotchless Pantyhose
Socks,CowPrintedSocks,Cow Printed Socks
Socks,HaremStockings,Harem Stockings
RightAnklet,,Anklet (Right)
RightAnklet,BandAnklet,Band Anklet
RightAnklet,Ribbon,Ribbon
RightAnklet,Ribbon1,Ribbon Bow
LeftAnklet,,Anklet (Left)
LeftAnklet,BandAnklet,Band Anklet
LeftAnklet,Ribbon,Ribbon
LeftAnklet,Ribbon1,Ribbon Bow
Garters,,Garters
Garters,GarterBelt,Leather Garter Belts
Garters,GarterBelt2,Leather Garter Belt
Garters,Tentacles,Tentacles
Shoes,,Shoes
Shoes,Shoes1,Style 1
Shoes,Shoes2,Style 2
Shoes,Shoes4,Style 3
Shoes,Sneakers1,Sneakers Light
Shoes,Sneakers2,Sneakers Dark
Shoes,Heels1,Heels
Shoes,Heels2,Heels Strap
Shoes,Boots1,Boots
Shoes,MistressBoots,Mistress Boots
Shoes,PonyBoots,Pony Boots
Shoes,Sandals,Strap Sandals
Shoes,SandalsRS,Rhinestone Sandals
Shoes,PawBoots,Paw Boots
Shoes,WoollyBootsTall,Woolly Boots
Shoes,ThighHighLatexHeels,Latex Heels
Shoes,Heels3,Multi-Strap Heels
Shoes,BarefootSandals1,Barefoot Sandals
Shoes,LatexAnkleShoes, Latex Ankle Shoes
Shoes,Flippers,Flippers
Shoes,DeluxeBoots,Deluxe Mistress Boots
Shoes,AnkleStrapShoes,Ankle Strap Shoes
Shoes,Shoes5,Style 4
Shoes,FuturisticHeels2,Futuristic Heels
Shoes,FuzzyBoots,Fuzzy Boots
Hat,,Hat
Hat,Band1,Hair Band
Hat,Band2,Jeweled Band
Hat,Beret1,Beret
Hat,MaidHairband1,Maid Hairband
Hat,NurseCap,Nurse Cap
Hat,Santa1,Santa Hat
Hat,CaptainHat1,Captain's Hat
Hat,BunnySuccubus2,Bunny Succubus
Hat,WitchHat1,Witch Hat
Hat,PirateBandana1,Pirate Bandana
Hat,Bandana,Bandana
Hat,PoliceWomanHat,Police Woman Hat
Hat,HeadTowel1,Towel
Hat,CollegeDunce,Dunce Hat
Hat,Tiara1,Tiara
Hat,Bonnet1,Bonnet Style 1
Hat,Bonnet2,Bonnet Style 2
Hat,Crown1,Crown Style 1
Hat,Crown2,Crown Style 2
Hat,Crown3,Crown Style 3
Hat,Crown4,Crown Style 4
Hat,Crown5,Crown Style 5
Hat,SmallHat1,Stylish Small Hat
Hat,Veil1,Veil Half Face
Hat,Veil2,Veil Full Face
Hat,BakerBoyHat,Baker Boy Hat
Hat,ReindeerBand,Reindeer Hairband
Hat,FurHeadband,Fur Headband
Hat,FacePaint, Face Paint
Hat,RoseCrown,Rose Crown
Hat,FlowerCrown,Flower Crown
Hat,PoppyCrown,Poppy Crown
Hat,LatexHabit,Latex Habit
Hat,BallCapBack,Baseball Cap Back
Hat,BallCapFront,Baseball Cap Front
HairAccessory3,,Hair Accessory
HairAccessory3,Ribbons1,Hair Ribbon 1
HairAccessory3,Ribbons2,Hair Ribbon 2
HairAccessory3,Ribbons3,Hair Ribbon 3
HairAccessory3,Ribbons4,Hair Ribbon 4
HairAccessory3,GiantBow1,Giant Bow 1
HairAccessory3,HairFlower1,Flower
HairAccessory3,WeddingVeil1,Wedding Veil
HairAccessory3,HairFeathers1,Feathers
HairAccessory3,Halo,Halo
HairAccessory1,,Hair Accessory (All)
HairAccessory1,Ears1,Ears Small
HairAccessory1,Ears2,Ears Large
HairAccessory1,PonyEars1,Pony Ears
HairAccessory1,Ribbons1,Hair Ribbon 1
HairAccessory1,Ribbons2,Hair Ribbon 2
HairAccessory1,Ribbons3,Hair Ribbon 3
HairAccessory1,Ribbons4,Hair Ribbon 4
HairAccessory1,GiantBow1,Giant Bow 1
HairAccessory1,BunnyEars1,Bunny Ears
HairAccessory1,BunnyEars2,Floppy Bunny Ears
HairAccessory1,PuppyEars1,Puppy Ears
HairAccessory1,SuccubusHorns,Succubus Horns
HairAccessory1,Horns,Horns
HairAccessory1,Horns2,Horns 2
HairAccessory1,Horns3,Horns 3
HairAccessory1,HairFlower1, Flower
HairAccessory1,FoxEars1,Fox Ears Small
HairAccessory1,BatWings,Small Bat Wings
HairAccessory1,KittenEars1,Black Kitty Ears
HairAccessory1,KittenEars2,Light Kitty Ears
HairAccessory1,WolfEars1,Wolf Ears One Piece
HairAccessory1,WolfEars2,Wolf Ears Big
HairAccessory1,FoxEars2,Fox Ears Large
HairAccessory1,FoxEars3,Fox Ears Bell
HairAccessory1,PuppyEars2,Floppy Puppy Ears
HairAccessory1,RaccoonEars1,Raccoon Ears
HairAccessory1,WeddingVeil1,Wedding Veil
HairAccessory1,HairFeathers1,Feathers
HairAccessory1,MouseEars1,Mouse Ears 1
HairAccessory1,MouseEars2,Mouse Ears 2
HairAccessory1,ElfEars,Elf Ears
HairAccessory1,CowHorns,Cow Horns
HairAccessory1,Halo,Halo
HairAccessory1,Antennae,Antennae
HairAccessory1,UnicornHorn,Unicorn Horn
HairAccessory1,DildocornHorn,Dildocorn Horn
HairAccessory2,,Ears
HairAccessory2,Ears1,Ears Small
HairAccessory2,Ears2,Ears Large
HairAccessory2,PonyEars1,Pony Ears
HairAccessory2,BunnyEars1,Bunny Ears
HairAccessory2,BunnyEars2,Floppy Bunny Ears
HairAccessory2,PuppyEars1,Puppy Ears
HairAccessory2,SuccubusHorns,Succubus Horns
HairAccessory2,Horns,Horns
HairAccessory2,Horns2,Horns 2
HairAccessory2,Horns3,Horns 3
HairAccessory2,FoxEars1,Fox Ears Small
HairAccessory2,BatWings,Small Bat Wings
HairAccessory2,KittenEars1,Black Kitty Ears
HairAccessory2,KittenEars2,Light Kitty Ears
HairAccessory2,WolfEars1,Wolf Ears One Piece
HairAccessory2,WolfEars2,Wolf Ears Big
HairAccessory2,FoxEars2,Fox Ears Large
HairAccessory2,FoxEars3,Fox Ears Bell
HairAccessory2,PuppyEars2,Floppy Puppy Ears
HairAccessory2,RaccoonEars1,Raccoon Ears
HairAccessory2,MouseEars1,Mouse Ears 1
HairAccessory2,MouseEars2,Mouse Ears 2
HairAccessory2,ElfEars,Elf Ears
HairAccessory2,CowHorns,Cow Horns
HairAccessory2,Antennae,Antennae
HairAccessory2,UnicornHorn,UnicornHorn
HairAccessory2,DildocornHorn,Dildocorn Horn
Gloves,,Gloves
Gloves,Gloves1,Short Gloves
Gloves,Gloves2,Long Gloves
Gloves,Gloves3,Silky Gloves
Gloves,MistressGloves,Mistress Gloves
Gloves,FingerlessGloves,Fingerless Gloves
Gloves,GlovesFur,Gloves with Fur
Gloves,Catsuit,Catsuit Gloves
Gloves,SeethroughSuit,See-through Gloves
Gloves,CowPrintedGloves,Cow Printed Gloves
Gloves,LatexElbowGloves,Latex Elbow Gloves
Gloves,FishnetGloves, Fishnet Gloves
Gloves,HaremGlove,Harem Gloves
Gloves,BikerGloves,Biker Gloves
Bracelet,,Bracelet
Bracelet,BowBand,Bow Band
Bracelet,KinkBracelet, Kinky Band
Bracelet,LesBand,5 Color Band
Bracelet,SpikeBands,Spiked Wristbands
Bracelet,Band1,Band 1
Bracelet,LaceBands,Lace Armbands
Glasses,,Glasses
Glasses,Glasses1,Style 1
Glasses,Glasses2,Style 2
Glasses,Glasses3,Style 3
Glasses,Glasses4,Style 4
Glasses,Glasses5,Style 5
Glasses,Glasses6,Style 6
Glasses,SunGlasses1,Sunglasses 1
Glasses,SunGlasses2,Sunglasses 2
Glasses,SunGlassesClear,Clear Sunglasses
Glasses,EyePatch1,Eye Patch
Glasses,CatGlasses,Cat-Eye Glasses
Glasses,VGlasses,V Glasses
Glasses,GradientSunglasses,Gradient Sunglasses
Mask,,Mask
Mask,VenetianMask,Venetian Mask
Mask,DominoMask,Domino Mask
Mask,ButterflyMask,Butterfly Mask
Mask,ShinobiMask,Shinobi Mask
Mask,FoxMask,Fox Mask
Mask,BunnyMask1,Bunny Mask Filigrane
Mask,BunnyMask2,Bunny Mask Leather
Mask,BunnyMask3,Bunny Mask Leather Nose
Mask,KittyMask1,Kitty Mask Filigrane
Mask,KittyMask2,Kitty Mask Whiskers
Mask,KittyMask3,Full Kitty Mask
Mask,LaceMask1,Bat Mask
Mask,LaceMask2,Venice Festival Mask
Mask,FuturisticVisor,Futuristic Visor
Mask,OpenFaceHood,Open Face Hood
Mask,FaceVeil,Face Veil
Mask,FacePaint, Face Paint
Mask,PetNose,Pet Nose
Mask,Glitter,Glitter
Mask,HeadHarness,Head Harness
TailStraps,,Tail Strap
TailStraps,TailStrap,Kitty Tail Strap
TailStraps,HorseTailStrap,Horse Tail Strap
TailStraps,HorseTailStrap1,Horse TailStrap
TailStraps,FoxTailsStrap,Fox Tails Strap
TailStraps,PuppyTailStrap,Puppy Tail Strap
TailStraps,SuccubusTailStrap,Succubus Tail Strap
TailStraps,SuccubusHeartTailStrap,Succubus Heart Tail Strap
TailStraps,RaccoonStrap,Raccoon Tail Strap
TailStraps,RaccoonTailStrap,Raccoon2 Tail Strap
TailStraps,PuppyTailStrap1,Puppy Fluffy Tail Strap
TailStraps,KittenTailStrap1,Light Kitten Tail Strap
TailStraps,KittenTailStrap2,Small Fluffy Kitten Tail Strap
TailStraps,FoxTailStrap1,Fox Small Tail Strap
TailStraps,FoxTailStrap2,Fox Large Tail Strap
TailStraps,WolfTailStrap1,Wolf Large Tail Strap
TailStraps,WolfTailStrap2,Wolf Small Tail Strap
TailStraps,WolfTailStrap3,Wolf White Tail Strap
TailStraps,DemonPlug,Demon Tail
TailStraps,MouseTailStrap1,Mouse Tail Strap 1
TailStraps,MouseTailStrap2,Mouse Tail Strap 2
TailStraps,CowtailStrap,Cow Tail Strap
TailStraps,BunnyTailStrap,Bunny Tail Strap
TailStraps,DragonTailStrap1,Dragon Tail Strap
TailStraps,Tentacles,Tentacles
Wings,,Wings
Wings,SuccubusFeather,Succubus Feather
Wings,SuccubusWings,Succubus Wings
Wings,AngelFeather,Angel Feather
Wings,DevilWings,Devil Wings
Wings,FallenAngelWings,Fallen Angel Wings
Wings,AngelWings,Angel Wings
Wings,BatWings,Bat Wings
Wings,FairyWings,Fairy Wings
Wings,SteampunkWings,Steampunk Wings
Wings,BeeWings,Bee Wings
Wings,CyberWings,Cyber Wings
Wings,PixieWings,Pixie Wings
Height,,Height
Height,H0950,165 cm
Height,H0960,167 cm
Height,H0970,169 cm
Height,H0980,171 cm
Height,H0990,173 cm
Height,H1000,175 cm
Height,H0900,155 cm
Height,H0910,157 cm
Height,H0920,159 cm
Height,H0930,161 cm
Height,H0940,163 cm
BodyUpper,,Upper Body
BodyUpper,Small,Small
BodyUpper,Normal,Normal
BodyUpper,Large,Large
BodyUpper,XLarge,Xlarge
BodyLower,,Lower Body
BodyLower,Small,Small
BodyLower,Normal,Normal
BodyLower,Large,Large
BodyLower,XLarge,Xlarge
HairFront,,Front Hair
HairFront,HairFront1,Style 1
HairFront,HairFront1b,Style 1b
HairFront,HairFront2,Style 2
HairFront,HairFront2b,Style 2b
HairFront,HairFront3,Style 3
HairFront,HairFront3b,Style 3b
HairFront,HairFront4,Style 4
HairFront,HairFront4b,Style 4b
HairFront,HairFront5,Style 5
HairFront,HairFront5b,Style 5b
HairFront,HairFront6,Style 6
HairFront,HairFront6b,Style 6b
HairFront,HairFront7,Style 7
HairFront,HairFront7b,Style 7b
HairFront,HairFront8,Style 8
HairFront,HairFront8b,Style 8b
HairFront,HairFront9,Style 9
HairFront,HairFront9b,Style 9b
HairFront,HairFront10,Style 10
HairFront,HairFront10b,Style 10b
HairFront,HairFront11,Style 11
HairFront,HairFront11b,Style 11b
HairFront,HairFront12,Style 12
HairFront,HairFront12b,Style 12b
HairFront,HairFront13,Style 13
HairFront,HairFront13b,Style 13b
HairFront,HairFront14,Style 14
HairFront,HairFront14b,Style 14b
HairFront,HairFront15,Style 15
HairFront,HairFront16,Style 16
HairFront,HairFront17,Style 17
HairFront,HairFront17b,Style 17b
HairFront,HairFront18,Style 18
HairFront,HairFront19,Style 19
HairFront,HairFront20,Style 20
HairFront,HairFront21,Style 21
HairFront,HairFront22,Style 22
HairFront,HairFront22b,Style 22b
HairFront,HairFront23,Style 23
HairFront,HairFront23b,Style 23b
HairFront,HairFront24,Style 24
HairFront,HairFront25,Style 25
HairFront,HairFront26,Style 26
HairFront,HairFront27,Style 27
HairFront,HairFront28,Style 28
HairFront,HairFront29,Style 29
HairBack,,Back Hair
HairBack,HairNone,None
HairBack,HairBack1,Style 1
HairBack,HairBack1b,Style 1b
HairBack,HairBack2,Style 2
HairBack,HairBack2b,Style 2b
HairBack,HairBack4,Style 3
HairBack,HairBack4b,Style 3b
HairBack,HairBack10,Style 4
HairBack,HairBack10b,Style 4b
HairBack,HairBack14,Style 5
HairBack,HairBack15,Style 6
HairBack,HairBack15b,Style 6b
HairBack,HairBack16,Style 7
HairBack,HairBack17,Style 8
HairBack,HairBack18,Style 9
HairBack,HairBack18b,Style 9b
HairBack,HairBack19,Style 10
HairBack,HairBack19b,Style 10b
HairBack,HairBack20,Style 11
HairBack,HairBack20b,Style 11b
HairBack,HairBack5,Style 12
HairBack,HairBack5b,Style 12b
HairBack,HairBack8,Style 13
HairBack,HairBack11,Style 14
HairBack,HairBack6,Style 15
HairBack,HairBack6b,Style 15b
HairBack,HairBack21,Style 16
HairBack,HairBack22,Style 17
HairBack,HairBack23,Style 18
HairBack,HairBack24,Style 19
HairBack,HairBack25,Style 20
HairBack,HairBack26,Style 21
HairBack,HairBack27,Style 22
HairBack,HairBack28,Style 23
HairBack,HairBack29,Style 24
HairBack,HairBack30,Style 25
HairBack,HairBack31,Style 26
HairBack,HairBack32,Style 27
HairBack,HairBack33,Style 28
HairBack,HairBack34,Style 29
HairBack,HairBack35,Style 30
HairBack,HairBack36,Style 31
HairBack,HairBack37,Style 32
HairBack,HairBack38,Style 33
HairBack,HairBack39,Style 34
HairBack,HairBack40,Style 35
HairBack,HairBack41,Style 36
HairBack,HairBack42,Style 37
HairBack,HairBack43,Style 38
HairBack,HairBack44,Style 39
HairBack,HairBack45,Style 40
HairBack,HairBack46,Style 41
HairBack,HairBack47,Style 42
HairBack,HairBack48,Style 43
HairBack,HairBack49,Style 44
HairBack,HairBack50,Style 45
HairBack,HairBack51,Style 46
HairBack,HairBack52,Style 47
HairBack,HairBack53,Style 48
HairBack,HairBack54,Style 49
HairBack,HairBack55,Style 50
Eyes,,Left eye
Eyes,Eyes1,Style 1
Eyes,Eyes2,Style 2
Eyes,Eyes3,Style 3
Eyes,Eyes4,Style 4
Eyes,Eyes5,Style 5
Eyes,Eyes6,Style 6
Eyes,Eyes7,Style 7
Eyes,Eyes8,Style 8
Eyes,Eyes9,Style 9
Eyes,Eyes10,Style 10
Eyes,Eyes11,Style 11
Eyes,Eyes12,Style 12
Eyes,Eyes13,Style 13
Eyes2,,Right eye
Eyes2,Eyes1,Style 1
Eyes2,Eyes2,Style 2
Eyes2,Eyes3,Style 3
Eyes2,Eyes4,Style 4
Eyes2,Eyes5,Style 5
Eyes2,Eyes6,Style 6
Eyes2,Eyes7,Style 7
Eyes2,Eyes8,Style 8
Eyes2,Eyes9,Style 9
Eyes2,Eyes10,Style 10
Eyes2,Eyes11,Style 11
Eyes2,Eyes12,Style 12
Eyes2,Eyes13,Style 13
Mouth,,Mouth
Mouth,Regular,Regular
Mouth,Discreet,Discreet
Nipples,,Nipples Style
Nipples,Nipples1,Small
Nipples,Nipples2,Large
Nipples,Nipples3,Light
Pussy,,Pussy
Pussy,PussyLight1,Light 1
Pussy,PussyLight2,Light 2
Pussy,PussyLight3,Light 3
Pussy,PussyDark1,Dark 1
Pussy,PussyDark2,Dark 2
Pussy,PussyDark3,Dark 3
Blush,,Blush
Blush,Blush,Blush
Fluids,,Fluids
Fluids,Fluids,Fluids
Emoticon,,Emoticon
Emoticon,Emoticon,Emoticon
Eyebrows,,Eyebrows
Eyebrows,Eyebrows1,Eyebrows
Hands,,Hands
Hands,Default,Default
Head,,Head
Head,Default,Default
ItemFeet,,Feet
ItemFeet,NylonRope,Nylon Rope
ItemFeet,HempRope,Hemp Rope
ItemFeet,LeatherBelt,Leather Belt
ItemFeet,SturdyLeatherBelts,Sturdy Leather Belt
ItemFeet,Irish8Cuffs,Irish 8 Feet Cuffs
ItemFeet,DuctTape,Duct Tape
ItemFeet,LeatherAnkleCuffs,Leather Ankle Cuffs
ItemFeet,FloorShackles,Floor Shackles
ItemFeet,SteelAnkleCuffs,Steel Ankle Cuffs
ItemFeet,FuturisticAnkleCuffs,Futuristic Ankle Cuffs
ItemFeet,OrnateAnkleCuffs,Ornate Ankle Cuffs
ItemFeet,SpreaderMetal, Metal Leg Spreader
ItemFeet,BallChain,Ball And Chain
ItemFeet,AnkleShackles, Ankle Shackles
ItemFeet,Zipties, Zip Ties
ItemFeet,Chains,Chains
ItemFeet,SpreaderDildoBar,Spreader Dildo Bar
ItemFeet,SpreaderVibratingDildoBar,Vibrating Spreader Dildo Bar
ItemFeet,PlasticWrap,Plastic Wrap
ItemFeet,WoodenCuffs,Wooden Cuffs
ItemFeet,MedicalBedRestraints,Medical Bed Restraints
ItemFeet,SuspensionCuffs,Suspension Cuffs
ItemFeet,Tentacles,Tentacles
ItemFeet,Slime,Slime
ItemLegs,,Legs
ItemLegs,NylonRope,Nylon Rope
ItemLegs,HempRope,Hemp Rope
ItemLegs,LeatherBelt,Leather Belt
ItemLegs,SturdyLeatherBelts,Sturdy Leather Belt
ItemLegs,DuctTape,Duct Tape
ItemLegs,LeatherLegCuffs,Leather Leg Cuffs
ItemLegs,FuturisticLegCuffs,Futuristic Leg Cuffs
ItemLegs,OrnateLegCuffs,Ornate Leg Cuffs
ItemLegs,LegBinder,Leg Binder
ItemLegs,HobbleSkirt,Hobble Skirt
ItemLegs,SeamlessLegBinder,Seamless Leg Binder
ItemLegs,SeamlessHobbleSkirt,Seamless Hobble Skirt
ItemLegs,Zipties,Zip Ties
ItemLegs,Chains,Chains
ItemLegs,PlasticWrap,Plastic Wrap
ItemLegs,FrogtieStraps,Frog-tie Straps
ItemLegs,MermaidTail, Mermaid Tail
ItemLegs,MedicalBedRestraints,Medical Bed Restraints
ItemLegs,Ribbons,Ribbons
ItemLegs,Tentacles,Tentacles
ItemLegs,Slime,Slime
ItemVulva,,Vulva
ItemVulva,VibratingEgg,Vibrating Egg
ItemVulva,VibratorRemote,Vibrating Items Remote
ItemVulva,VibratingLatexPanties,Vibrating Latex Panties
ItemVulva,WandBelt,Wand Belt
ItemVulva,PenisDildo,Penis Dildo
ItemVulva,ShockDildo,Shock Dildo
ItemVulva,VibratingDildo,Vibrating Dildo
ItemVulva,FuturisticVibrator,Futuristic Vibrator
ItemVulva,InflatableVibeDildo,Inflatable Vibrating Dildo
ItemVulva,ClitoralStimulator,Clitoral Stimulator
ItemVulva,ClitSuctionCup,Clitoris Suction Cup
ItemVulva,TapeStrips,Tape Strips
ItemVulva,BenWaBalls,Pair Of Ben Wa Balls
ItemVulva,HeavyWeightClamp,Heavy Weight Clamp
ItemVulva,FullLatexSuitWand,Wand
ItemVulva,ClitAndDildoVibratorbelt,Clitoris & Dildo Vibrating belt
ItemVulva,HempRopeBelt,Hemp Rope Wand Belt
ItemVulva,WiredEgg,Wired Vibrating Egg
ItemVulva,LoversVibrator,Lovers Vibrator
ItemVulva,LoversVibratorRemote,Lovers Remote
ItemVulva,DoubleEndDildo,Double Ended Dildo
ItemVulva,Stitches,Stitches
ItemVulvaPiercings,,Clitoris
ItemVulvaPiercings,StraightClitPiercing,Straight Clitoris Piercing
ItemVulvaPiercings,RoundClitPiercing,Round Clitoris Piercing
ItemVulvaPiercings,BarbellClitPiercing,Barbell Clitoris Piercing
ItemVulvaPiercings,ChastityClitPiercing,Chastity Vulva Piercings
ItemVulvaPiercings,ChastityClitShield,Chastity Vulva Shield
ItemVulvaPiercings,HighSecurityVulvaShield,High Security Vulva Shield
ItemVulvaPiercings,JewelClitPiercing,Jewel Clitoris Piercing
ItemVulvaPiercings,AdornedClitPiercing,Adorned Clitoris Piercing
ItemVulvaPiercings,VibeHeartClitPiercing,Vibrating Heart Clitoris Piercing
ItemVulvaPiercings,TapedClitEgg,Taped Vibrating Egg
ItemVulvaPiercings,ClitRing,Clitoris Ring
ItemButt,,Butt
ItemButt,BlackButtPlug,Black Butt Plug
ItemButt,PenisPlug,Penis Butt Plug
ItemButt,TailButtPlug,Kitty Butt Plug
ItemButt,HorsetailPlug,Horse Butt Plug
ItemButt,HorsetailPlug1,Horse ButtPlug
ItemButt,PuppyTailPlug,Puppy Butt Plug
ItemButt,PuppyTailPlug1,Puppy Fluffy Butt Plug
ItemButt,SuccubusButtPlug,Succubus Butt Plug
ItemButt,SuccubusHeartButtPlug,Succubus Heart Butt Plug
ItemButt,FoxTails,Fox Tails
ItemButt,RaccoonButtPlug,Raccoon Butt Plug
ItemButt,RaccoonTailPlug,Raccoon Tail Plug
ItemButt,AnalBeads,Anal Beads
ItemButt,AnalBeads2,Anal Beads XL
ItemButt,ButtPump,Butt Pump
ItemButt,VibratingButtplug,Vibrating Butt Plug
ItemButt,InflVibeButtPlug,Inflatable Vibrating Butt Plug
ItemButt,AnalHook,Anal Hook
ItemButt,ButtPlugLock,Butt Plug Lock
ItemButt,KittenTail1,Light Kitten Tail
ItemButt,KittenTail2,Small Fluffy Kitten Tail
ItemButt,FoxTail1,Fox Tail Small
ItemButt,FoxTail2,Fox Tail Large
ItemButt,WolfTail1,Wolf Tail Large
ItemButt,WolfTail2,Wolf Tail Small
ItemButt,WolfTail3,Wolf Tail White
ItemButt,DemonPlug,Demon Tail Plug
ItemButt,MouseTail1,Mouse Tail 1
ItemButt,MouseTail2,Mouse Tail 2
ItemButt,VibratingDildoPlug,Vibrating Dildo
ItemButt,BunnyTailPlug1,White Bunny Tail Plug
ItemButt,BunnyTailPlug2,Brown Bunny Tail Plug
ItemButt,BunnyTailVibePlug,Bunny Tail Vibe Plug
ItemButt,EggVibePlugXXL,Egg Vibe Plug XXL
ItemButt,ShockPlug,Shock Plug
ItemButt,Cowtail,Cow Tail
ItemButt,HollowButtPlug,Hollow Butt Plug
ItemButt,LockingVibePlug,Locking Vibrating Butt Plug
ItemButt,Tentacles,Tentacles
ItemButt,Stitches,Stitches
ItemPelvis,,Pelvis
ItemPelvis,StraponPanties,Strap-On Panties
ItemPelvis,LeatherChastityBelt,Leather Chastity Belt
ItemPelvis,SleekLeatherChastityBelt,Sleek Leather Chastity Belt
ItemPelvis,StuddedChastityBelt,Studded Chastity Belt
ItemPelvis,MetalChastityBelt,Metal Chastity Belt
ItemPelvis,PolishedChastityBelt,Polished Chastity Belt
ItemPelvis,FuturisticChastityBelt,Futuristic Chastity Belt
ItemPelvis,FuturisticTrainingBelt,Futuristic Training Belt
ItemPelvis,SciFiPleasurePanties,Sci-Fi Pleasure Panties
ItemPelvis,OrnateChastityBelt,Ornate Chastity Belt
ItemPelvis,SteelChastityPanties,Steel Chastity Panties
ItemPelvis,HarnessPanties1,Bondage Harness
ItemPelvis,HarnessPanties2,Full Bondage Harness
ItemPelvis,LeatherStrapPanties1,Leather Strap Panties
ItemPelvis,LoveChastityBelt,Love Chastity Belt
ItemPelvis,HempRope,Rope Harness
ItemPelvis,DiaperHarness,Diaper Harness
ItemPelvis,PelvisChainLeash,Pelvis Chain Leash
ItemPelvis,Ribbons,Ribbons
ItemPelvis,SilkStraps,Silk Straps
ItemPelvis,BulkyDiaper,Bulky Chastity Diaper
ItemPelvis,PoofyDiaper,Poofy Chastity Diaper
ItemPelvis,HybridChastityBelt,Hybrid Chastity Belt
ItemPelvis,ObedienceBelt,Obedience Belt
ItemTorso,,Torso
ItemTorso,NylonRopeHarness,Nylon Rope
ItemTorso,HempRopeHarness,Hemp Rope
ItemTorso,LeatherHarness,Leather Harness
ItemTorso,LeatherStrapHarness,Leather Strap Body Harness
ItemTorso,AdultBabyHarness,Adult Baby Harness
ItemTorso,HarnessBra1,Bondage Harness
ItemTorso,HarnessBra2,Leather Strap Harness
ItemTorso,Corset2,Corset
ItemTorso,FuturisticHarness,Futuristic Harness
ItemTorso,HighSecurityHarness,High Security Harness
ItemTorso,Corset3,Half Cup Corset
ItemTorso,Corset4,Under Bust Corset
ItemTorso,Corset5,Floral Corset
ItemTorso,LeatherBreastBinder,Leather Breast Binder
ItemTorso,LatexCorset1,Latex Corset
ItemTorso,LeatherStrapBra1,Leather Strap Bra
ItemTorso,CrotchChain, Crotch Chain
ItemTorso,StuddedHarness,Studded Harness
ItemTorso,HeavyLatexCorset,Heavy Latex Corset
ItemTorso,Ribbons,Ribbons
ItemTorso,SilkStraps,Silk Straps
ItemTorso,ThinLeatherStraps,Thin Leather Straps
ItemTorso,LockingSwimsuit,Locking Swimsuit
ItemTorso,LockingSwimsuit2,Locking Swimsuit 2
ItemTorso2,,Torso
ItemTorso2,LockingSwimsuit,Locking Swimsuit
ItemTorso2,LeatherStrapHarness,Leather Strap Body Harness
ItemTorso2,LeatherHarness,Leather Harness
ItemTorso2,NylonRopeHarness,Nylon Rope
ItemTorso2,HempRopeHarness,Hemp Rope
ItemTorso2,AdultBabyHarness,Adult Baby Harness
ItemTorso2,HarnessBra1,Bondage Harness
ItemTorso2,HarnessBra2,Leather Strap Harness
ItemTorso2,Corset2,Corset
ItemTorso2,FuturisticHarness,Futuristic Harness
ItemTorso2,HighSecurityHarness,High Security Harness
ItemTorso2,Corset3,Half Cup Corset
ItemTorso2,Corset4,Under Bust Corset
ItemTorso2,Corset5,Floral Corset
ItemTorso2,LatexCorset1,Latex Corset
ItemTorso2,LeatherBreastBinder,Leather Breast Binder
ItemTorso2,LeatherStrapBra1,Leather Strap Bra
ItemTorso2,CrotchChain, Crotch Chain
ItemTorso2,StuddedHarness,Studded Harness
ItemTorso2,HeavyLatexCorset,Heavy Latex Corset
ItemTorso2,Ribbons,Ribbons
ItemTorso2,SilkStraps,Silk Straps
ItemTorso2,ThinLeatherStraps,Thin Leather Straps
ItemTorso2,LockingSwimsuit2,Locking Swimsuit 2
ItemNipples,,Nipples
ItemNipples,NippleClamp,Nipple Clamps
ItemNipples,VibeNippleClamp,Vibrating Nipple Clamps
ItemNipples,VibratorRemote,Vibrating Clamps Remote
ItemNipples,ChainClamp,Chain Clamps
ItemNipples,ScrewClamps,Screw Clamps
ItemNipples,ChainTassles,Chain Tassles
ItemNipples,HeartPasties,Heart Pasties
ItemNipples,TapedVibeEggs,Taped Vibrating Eggs
ItemNipples,NippleSuctionCups,Nipple Suction Cups
ItemNipples,NippleTape,Pair Of Nipple Tapes
ItemNipples,ChopStickNippleClamps,Chopstick Nipple Clamps
ItemNipples,KittyPasties,Kitty Pasties
ItemNipples,Clothespins,Clothespins
ItemNipples,NippleWeightClamps,Nipple Weight Clamps
ItemNipples,BellClamps,Nipple Bell Clamps
ItemNipples,LactationPump,Lactation Pump
ItemNipples,ShockClamps,Shock Clamps
ItemNipples,PlateClamps, Plate Clamps
ItemNipples,StretchClovers,Nipple Stretchers
ItemNipplesPiercings,,Nipples
ItemNipplesPiercings,StraightPiercing,Straight Piercings
ItemNipplesPiercings,RoundPiercing,Round Piercings
ItemNipplesPiercings,NecklacePiercingChain, Necklace Nipple Chain
ItemNipplesPiercings,NippleAccessory1,Nipple Jewels
ItemNipplesPiercings,NippleAccessory2,Nipple Jewel Piercings
ItemNipplesPiercings,NippleAccessory3,Nipple Gems Piercings
ItemNipplesPiercings,BarbellPiercing,Barbell Piercing
ItemNipplesPiercings,NippleChastityPiercing1,Chastity Guard Shield
ItemNipplesPiercings,NippleChastityPiercing2,Chastity Cross Shield
ItemNipplesPiercings,VibeHeartPiercings,Vibrating Heart Piercings
ItemNipplesPiercings,BellPiercing,Nipple Bell Piercings
ItemNipplesPiercings,CrossedStraightPiercing,Crossed Straight Piercings
ItemBreast,,Breasts
ItemBreast,MetalChastityBra,Metal Chastity Bra
ItemBreast,PolishedChastityBra,Polished Chastity Bra
ItemBreast,FuturisticBra,Futuristic Chastity Bra
ItemBreast,FuturisticBra2,Futuristic Bra
ItemBreast,OrnateChastityBra,Ornate Chastity Bra
ItemBreast,Ribbons,Ribbons
ItemBreast,LeatherBreastBinder,Leather Breast Binder
ItemArms,,Arms
ItemArms,NylonRope,Nylon Rope
ItemArms,HempRope,Hemp Rope
ItemArms,MetalCuffs,Metal Cuffs
ItemArms,SturdyLeatherBelts,Sturdy Leather Belt
ItemArms,LeatherArmbinder,Leather Armbinder
ItemArms,ArmbinderJacket,Armbinder Jacket
ItemArms,LeatherCuffs,Leather Cuffs
ItemArms,CeilingShackles,Ceiling Shackles
ItemArms,SteelCuffs,Steel Cuffs
ItemArms,FuturisticCuffs,Futuristic Cuffs
ItemArms,OrnateCuffs,Ornate Cuffs
ItemArms,MittenChain1,Mittens Chain
ItemArms,FourLimbsShackles,Four Limbs Shackles
ItemArms,Manacles,Manacles
ItemArms,FullBodyShackles,Full Body Shackles
ItemArms,WristShackles,Wrist Shackles
ItemArms,StraitLeotard,Latex Strait Leotard
ItemArms,FuturisticStraitjacket,Futuristic Straitjacket
ItemArms,StraitJacket,Straitjacket
ItemArms,CollarCuffs,Collar Cuffs
ItemArms,LeatherStraitJacket,Leather Straitjacket
ItemArms,FurStraitJacket,Fur Straitjacket
ItemArms,Bolero,Bolero Straitjacket
ItemArms,DuctTape,Duct Tape
ItemArms,BitchSuit,Pet Suit
ItemArms,CollarLeashHolding,Holding Leash
ItemArms,StraitDress,Strait Dress
ItemArms,StraitDressOpen,Open Crotch Strait Dress
ItemArms,SeamlessStraitDress,Seamless Strait Dress
ItemArms,SeamlessStraitDressOpen,Seamless Open Crotch Strait Dress
ItemArms,Yoke,Yoke
ItemArms,Pillory,Pillory
ItemArms,FullLatexSuit,Full LockDown Latex Suit
ItemArms,Zipties,Zip Ties
ItemArms,BoxTieArmbinder,Latex Box-Tie Armbinder
ItemArms,BondageBouquet,Bondage Bouquet
ItemArms,Chains,Chains
ItemArms,ChainLeashHolding,Holding Chain Leash
ItemArms,PetCrawler,Pet Crawler
ItemArms,MermaidSuit,Mermaid Suit
ItemArms,Web,Web
ItemArms,LatexArmbinder,Latex Armbinder
ItemArms,FuturisticArmbinder,Futuristic Armbinder
ItemArms,SeamlessLatexArmbinder,Seamless Latex Armbinder
ItemArms,FullBodyLeatherHarness,Full Body Leather Harness
ItemArms,UnderBedBondageCuffs,Under Bed Bondage Cuff Set
ItemArms,TightJacket,Tight Straitjacket
ItemArms,LatexSleevelessLeotard,Latex Sleeveless Leotard
ItemArms,LatexBoxtieLeotard,Latex Boxtie Leotard
ItemArms,LatexButterflyLeotard,Latex Butterfly Leotard
ItemArms,PrisonLockdownSuit,Prison Lockdown Suit
ItemArms,LeatherArmSplints,Leather Arm Splints
ItemArms,TightJacketCrotch,Tightjacket Leotard
ItemArms,HighSecurityStraitJacket,High Security Straitjacket
ItemArms,PantyhoseBody,Pantyhose fullBody
ItemArms,PantyhoseBodyOpen,Crotchless Pantyhose fullBody
ItemArms,WoodenCuffs,Wooden Cuffs
ItemArms,InflatableStraightLeotard,Inflatable Strait Leotard
ItemArms,StrictLeatherPetCrawler,Strict Leather Pet Crawler
ItemArms,PlasticWrap,Plastic Wrap
ItemArms,MedicalBedRestraints,Medical Bed Restraints
ItemArms,TransportJacket,Transport Jacket
ItemArms,WrappedBlanket,Wrapped Blanket
ItemArms,Ribbons,Ribbons
ItemArms,ThinLeatherStraps,Thin Leather Straps
ItemArms,Tentacles,Tentacles
ItemArms,Slime,Slime
ItemArms,BondageBra,Bondage Bra
ItemHands,,Hands
ItemHands,PaddedMittens,Padded Mittens
ItemHands,PawMittens,Paw Mittens
ItemHands,LeatherMittens,Leather Mittens
ItemHands,FuturisticMittens,Futuristic Mittens
ItemHands,PaddedLeatherMittens,Padded Leather Mittens
ItemHands,PolishedMittens,Polished Steel Mittens
ItemHands,DuctTape,Duct Tape
ItemHands,SpankingToys,Handheld Items
ItemHands,SpankingToysCrop,Crop
ItemHands,SpankingToysFlogger,Flogger
ItemHands,SpankingToysCane,Cane
ItemHands,SpankingToysHeartCrop,Heart Crop
ItemHands,SpankingToysPaddle,Paddle
ItemHands,SpankingToysWhipPaddle,Whip Paddle
ItemHands,SpankingToysWhip,Whip
ItemHands,SpankingToysCattleProd,Cattle Prod
ItemHands,SpankingToysTennisRacket,Tennis Racket
ItemHands,SpankingToysRainbowWand,Rainbow Wand
ItemHands,SpankingToysGavel,Gavel
ItemHands,SpankingToysFeather,Feather
ItemHands,SpankingToysFeatherDuster,Feather Duster
ItemHands,SpankingToysLongDuster,Long Duster
ItemHands,SpankingToysIceCube,Ice Cube
ItemHands,SpankingToysWartenbergWheel,Wartenberg Wheel
ItemHands,SpankingToysVibratingWand,Vibrating Wand
ItemHands,SpankingToysSmallVibratingWand,Small Vibe Wand
ItemHands,SpankingToysCandleWax,Candle Wax
ItemHands,SpankingToysLargeDildo,Large Dildo
ItemHands,SpankingToysPetToy,Pet Toy
ItemHands,SpankingToysVibrator,Vibrator
ItemHands,SpankingToysBelt,Belt
ItemHands,SpankingToysHairbrush,Hairbrush
ItemHands,SpankingToysSmallDildo,Small Dildo
ItemHands,SpankingToysElectricToothbrush,Electric Toothbrush
ItemHands,SpankingToysToothbrush,Toothbrush
ItemHands,SpankingToysShockWand,Shock Wand
ItemHands,SpankingToysLotion,Lotion
ItemHands,SpankingToysRuler,Ruler
ItemHands,SpankingToysSword,Foam Sword
ItemHands,SpankingToysVibeRemote,Vibrator Remote
ItemHands,SpankingToysShockRemote,Shock Remote
ItemHands,SpankingToysTowel,Towel
ItemHands,SpankingToysRopeCoilLong,Long Coiled Rope
ItemHands,SpankingToysRopeCoilShort,Short Coiled Rope
ItemHands,SpankingToysBallgag,Ballgag
ItemHands,SpankingToysLongSock,Long Sock
ItemHands,SpankingToysBaguette,Baguette
ItemHands,SpankingToysPanties,Panties
ItemHands,SpankingToysTapeRoll,Duct Tape Roll
ItemHands,SpankingToysSpatula,Spatula
ItemHands,SpankingToysBroom,Broom
ItemHands,KeyProp,Key
ItemHands,SpankingToysPhone1,Mobile Phone
ItemHands,SpankingToysPhone2,Mobile Phone 2
ItemHands,HoofMittens, Hoof Mittens
ItemHands,SpankingToysScissors,Scissors
ItemHands,SpankingToysPlasticWrap,Plastic Wrap Roll
ItemHands,SpankingToysGlassEmpty,Empty Glass
ItemHands,SpankingToysGlassFilled,Filled Glass
ItemHands,SpankingToysPotionBottle,Potion Bottle
ItemHands,MedicalInjector,Medical Injector
ItemNeck,,Neck
ItemNeck,LeatherCollar,Leather Collar
ItemNeck,LeatherCollarBell,Bell Collar
ItemNeck,LeatherCollarBow,Bow Collar
ItemNeck,SlaveCollar,Slave Collar
ItemNeck,ClubSlaveCollar,Club Slave Collar
ItemNeck,ShockCollar,Shock Collar
ItemNeck,AutoShockCollar,Automatic Shock Collar
ItemNeck,ShockCollarRemote,Shock Collar Remote
ItemNeck,BatCollar,Bat Collar
ItemNeck,PostureCollar,Posture Collar
ItemNeck,SteelPostureCollar,Steel Collar
ItemNeck,DogCollar,Dog Collar
ItemNeck,SpikeCollar,Spike Collar
ItemNeck,HighCollar,High Collar
ItemNeck,FuturisticCollar,Futuristic Collar
ItemNeck,LeatherChoker,Leather Choker
ItemNeck,PetCollar,Pet Collar
ItemNeck,MaidCollar,Maid Collar
ItemNeck,BordelleCollar,Bordelle Collar
ItemNeck,LoveLeatherCollar,Lover Leather Collar
ItemNeck,NobleCorsetCollar,Noble Corset Collar
ItemNeck,StrictPostureCollar,Strict Posture Collar
ItemNeck,HeartCollar,Heart Collar
ItemNeck,LeatherCorsetCollar,Leather Corset Collar Gag
ItemNeck,LatexPostureCollar,Latex Posture Collar Gag
ItemNeck,HighSecurityCollar,High Security Collar
ItemNeck,OrnateCollar,Ornate Collar
ItemNeck,SlenderSteelCollar,Slender Steel Collar
ItemNeck,ShinySteelCollar,Shiny Steel Collar
ItemNeck,HeartLinkChoker, Heart-Link Choker
ItemNeck,NeckRope,Neck Rope
ItemNeck,NylonCollar,Nylon Collar
ItemNeck,GothicCollar,Gothic Collar
ItemNeck,LatexCollar1,Inflated Latex Collar
ItemNeck,LatexCollar2,Latex Collar
ItemNeck,TechnoCollar,Techno Collar
ItemNeck,ComboHarness,Combo Harness
ItemNeck,BonedNeckCorset,Boned Neck Corset
ItemNeckAccessories,,Collar
ItemNeckAccessories,CustomCollarTag,Custom Tag
ItemNeckAccessories,ElectronicTag,Electronic Tag
ItemNeckAccessories,CollarBell,Bell
ItemNeckAccessories,CollarBow,Bow
ItemNeckAccessories,CollarShockUnit,Shock Unit
ItemNeckAccessories,CollarAutoShockUnit,Automatic Shock Unit
ItemNeckAccessories,ShockCollarRemote,Shock Collar Remote
ItemNeckAccessories,CollarNameTag,Name Tag
ItemNeckAccessories,CollarNameTagOval,Oval Name Tag
ItemNeckAccessories,CollarNameTagPet,Pet Name Tag
ItemNeckAccessories,CollarNameTagLover,Lover Name Tag
ItemNeckAccessories,CollarNameTagLivestock,Livestock Name Tag
ItemNeckAccessories,CollarMoon,Moon Pendant
ItemNeckAccessories,CollarSun,Sun Pendant
ItemNeckAccessories,CollarLapis,Lapis Pendant
ItemNeckAccessories,CollarPentagram,Pentagram Pendant
ItemNeckAccessories,CollarFlower,Flower
ItemNeckAccessories,CollarRose,Rose
ItemNeckAccessories,CollarCowBell,Cowbell
ItemNeckAccessories,CollarPupBone,Pup Bone
ItemNeckAccessories,Key,Key
ItemNeckRestraints,,Collar
ItemNeckRestraints,CollarChainLong,Long Chain
ItemNeckRestraints,CollarChainShort,Short Chain
ItemNeckRestraints,Post,Hitching Post
ItemNeckRestraints,CollarLeash,Leash
ItemNeckRestraints,CollarLeashTaken,Pulled Leash
ItemNeckRestraints,ChainLeash,Chain Leash
ItemNeckRestraints,ChainLeashTaken,Pulled Chain Leash
ItemNeckRestraints,CollarChainMedium,Medium Chain
ItemNeckRestraints,CollarRopeLong,Long Rope
ItemNeckRestraints,CollarRopeShort,Short Rope
ItemNeckRestraints,CollarRopeMedium,Medium Rope
ItemNeckRestraints,PetPost,Pet Sign
ItemMouth,,Mouth
ItemMouth,ClothGag,Cloth Gag
ItemMouth,WiffleGag,Wiffle Ball Gag
ItemMouth,HarnessBallGag,Harness Ball Gag
ItemMouth,HarnessPanelGag,Harness Panel Gag
ItemMouth,RingGag,Ring Gag
ItemMouth,DuctTape,Duct Tape
ItemMouth,PacifierGag,Pacifier
ItemMouth,HarnessPacifierGag,Harness Pacifier
ItemMouth,DusterGag,Duster Gag
ItemMouth,CupholderGag,Cup Holder Gag
ItemMouth,HarnessPonyBits,Bit Gag
ItemMouth,PumpGag,Pump Gag
ItemMouth,KittyGag,Kitty Mask
ItemMouth,KittyHarnessPanelGag,Kitty Harness Gag
ItemMouth,KittyMuzzleGag,Kitty Muzzle Gag
ItemMouth,CarrotGag,Rubber Carrot Gag
ItemMouth,MuzzleGag,Muzzle Gag
ItemMouth,FuturisticPanelGag,Futuristic Panel Gag
ItemMouth,FuturisticHarnessPanelGag,Futuristic Harness Panel Gag
ItemMouth,FuturisticHarnessBallGag,Futuristic Ball Gag
ItemMouth,RegularSleepingPill,Sleeping Pill
ItemMouth,PantiesMask,Panties Mask
ItemMouth,PlugGag,Plug Gag
ItemMouth,DildoGag,Dildo Gag
ItemMouth,BoneGag,Bone Gag
ItemMouth,ChopstickGag,Chopstick Gag
ItemMouth,BambooGag,Bamboo Gag
ItemMouth,HarnessBallGag1,Harness Ball Gag XL
ItemMouth,PumpkinGag,Pumpkin Gag
ItemMouth,LipGag,Lips Gag
ItemMouth,SpiderGag,Spider Gag
ItemMouth,ClothStuffing,Cloth Stuffing
ItemMouth,PantyStuffing,Panty Stuffing
ItemMouth,ChloroformCloth,Chloroform Cloth
ItemMouth,ScarfGag,Scarf
ItemMouth,LewdGag,Lewd Gag
ItemMouth,DeepthroatGag,Deepthroat Penis Gag
ItemMouth,LeatherCorsetCollar,Leather Corset Collar Gag
ItemMouth,LatexPostureCollar,Latex Posture Collar Gag
ItemMouth,BitGag,Silicon Bit Gag
ItemMouth,XLBoneGag,XL Bone Gag
ItemMouth,DogMuzzleExposed,Exposed Dog Muzzle
ItemMouth,FoxyHarnessPanelGag,Foxy Harness Gag
ItemMouth,BallGag,Ball Gag
ItemMouth,TongueStrapGag,Tongue Strap Gag
ItemMouth,BallGagMask,Ball Gag Mask
ItemMouth,HookGagMask,Hook Gag Mask
ItemMouth,DildoPlugGag,Dildo Plug Gag
ItemMouth,SteelMuzzleGag,Steel Muzzle Gag
ItemMouth,StitchedMuzzleGag,Stitched Muzzle Gag
ItemMouth,LatexBallMuzzleGag,Latex Ball Muzzle Gag
ItemMouth,SockStuffing,Sock Stuffing
ItemMouth,GasMaskGag,Respirator Mask
ItemMouth,WebGag,Web Gag
ItemMouth,RopeGag,Rope Gag
ItemMouth,RopeBallGag,Rope Ball Gag
ItemMouth,MilkBottle,Milk Bottle
ItemMouth,MedicalMask,Medical Mask
ItemMouth,RegressedMilk,Nursery Milk
ItemMouth,PrisonLockdownGag,Prison Lockdown Gag
ItemMouth,ShoeGag,Shoe Gag
ItemMouth,FunnelGag,Funnel Gag
ItemMouth,LargeDildo,Large Dildo
ItemMouth,PlasticWrap, Plastic Wrap
ItemMouth,Ball,Tennis Ball
ItemMouth,FuturisticMuzzle,Futuristic Muzzle
ItemMouth,CageMuzzle,Iron Cage Muzzle
ItemMouth,DentalGag,Dental Gag
ItemMouth,Ribbons,Ribbons
ItemMouth,CropGag,Crop
ItemMouth,CaneGag,Cane
ItemMouth,PaciGag,Pacifier Gag
ItemMouth,Tentacles,Tentacle
ItemMouth,OTNPlugGag,Harness OTN Plug Gag
ItemMouth,PonyGag,Bridle Gag
ItemMouth,LatexSheathGag, Latex Sheath Gag
ItemMouth,Slime,Slime
ItemMouth,FurScarf,Fur Scarf
ItemMouth2,,Mouth
ItemMouth2,ClothGag,Cloth Gag
ItemMouth2,WiffleGag,Wiffle Ball Gag
ItemMouth2,HarnessBallGag,Harness Ball Gag
ItemMouth2,HarnessPanelGag,Harness Panel Gag
ItemMouth2,RingGag,Ring Gag
ItemMouth2,DuctTape,Duct Tape
ItemMouth2,HarnessPacifierGag,Harness Pacifier
ItemMouth2,DusterGag,Duster Gag
ItemMouth2,CupholderGag,Cup Holder Gag
ItemMouth2,HarnessPonyBits,Bit Gag
ItemMouth2,KittyGag,Kitty Mask
ItemMouth2,KittyHarnessPanelGag,Kitty Harness Gag
ItemMouth2,KittyMuzzleGag,Kitty Muzzle Gag
ItemMouth2,CarrotGag,Rubber Carrot Gag
ItemMouth2,MuzzleGag,Muzzle Gag
ItemMouth2,PantiesMask,Panties Mask
ItemMouth2,DildoGag,Dildo Gag
ItemMouth2,BoneGag,Bone Gag
ItemMouth2,HarnessBallGag1,Harness Ball Gag XL
ItemMouth2,PumpkinGag,Pumpkin Gag
ItemMouth2,LipGag,Lips Gag
ItemMouth2,SpiderGag,Spider Gag
ItemMouth2,ChloroformCloth,Chloroform Cloth
ItemMouth2,ScarfGag,Scarf
ItemMouth2,LewdGag,Lewd Gag
ItemMouth2,LeatherCorsetCollar,Leather Corset Collar Gag
ItemMouth2,LatexPostureCollar,Latex Posture Collar Gag
ItemMouth2,BitGag,Silicon Bit Gag
ItemMouth2,XLBoneGag,XL Bone Gag
ItemMouth2,FoxyHarnessPanelGag,Foxy Harness Gag
ItemMouth2,BallGag,Ball Gag
ItemMouth2,BallGagMask,Ball Gag Mask
ItemMouth2,SteelMuzzleGag,Steel Muzzle Gag
ItemMouth2,StitchedMuzzleGag,Stitched Muzzle Gag
ItemMouth2,LatexBallMuzzleGag,Latex Ball Muzzle Gag
ItemMouth2,GasMaskGag,Respirator Mask
ItemMouth2,WebGag,Web Gag
ItemMouth2,RopeGag,Rope Gag
ItemMouth2,RopeBallGag,Rope Ball Gag
ItemMouth2,MedicalMask,Medical Mask
ItemMouth2,RegressedMilk,Nursery Milk
ItemMouth2,PrisonLockdownGag,Prison Lockdown Gag
ItemMouth2,ShoeGag,Shoe Gag
ItemMouth2,PlasticWrap, Plastic Wrap
ItemMouth2,FuturisticMuzzle,Futuristic Muzzle
ItemMouth2,CageMuzzle,Iron Cage Muzzle
ItemMouth2,Ribbons,Ribbons
ItemMouth2,PaciGag,Pacifier Gag
ItemMouth2,Tentacles,Tentacle
ItemMouth2,PonyGag,Bridle Gag
ItemMouth2,MouthFeatureGag, Mouthfeature Gag
ItemMouth2,Slime,Slime
ItemMouth2,FurScarf,Fur Scarf
ItemMouth3,,Mouth
ItemMouth3,ClothGag,Cloth Gag
ItemMouth3,WiffleGag,Wiffle Ball Gag
ItemMouth3,HarnessBallGag,Harness Ball Gag
ItemMouth3,HarnessPanelGag,Harness Panel Gag
ItemMouth3,RingGag,Ring Gag
ItemMouth3,DuctTape,Duct Tape
ItemMouth3,HarnessPacifierGag,Harness Pacifier
ItemMouth3,DusterGag,Duster Gag
ItemMouth3,CupholderGag,Cup Holder Gag
ItemMouth3,HarnessPonyBits,Bit Gag
ItemMouth3,KittyGag,Kitty Mask
ItemMouth3,KittyHarnessPanelGag,Kitty Harness Gag
ItemMouth3,KittyMuzzleGag,Kitty Muzzle Gag
ItemMouth3,CarrotGag,Rubber Carrot Gag
ItemMouth3,MuzzleGag,Muzzle Gag
ItemMouth3,PantiesMask,Panties Mask
ItemMouth3,DildoGag,Dildo Gag
ItemMouth3,BoneGag,Bone Gag
ItemMouth3,HarnessBallGag1,Harness Ball Gag XL
ItemMouth3,PumpkinGag,Pumpkin Gag
ItemMouth3,LipGag,Lips Gag
ItemMouth3,SpiderGag,Spider Gag
ItemMouth3,ChloroformCloth,Chloroform Cloth
ItemMouth3,ScarfGag,Scarf
ItemMouth3,LewdGag,Lewd Gag
ItemMouth3,LeatherCorsetCollar,Leather Corset Collar Gag
ItemMouth3,LatexPostureCollar,Latex Posture Collar Gag
ItemMouth3,BitGag,Silicon Bit Gag
ItemMouth3,XLBoneGag,XL Bone Gag
ItemMouth3,FoxyHarnessPanelGag,Foxy Harness Gag
ItemMouth3,BallGag,Ball Gag
ItemMouth3,BallGagMask,Ball Gag Mask
ItemMouth3,SteelMuzzleGag,Steel Muzzle Gag
ItemMouth3,StitchedMuzzleGag,Stitched Muzzle Gag
ItemMouth3,LatexBallMuzzleGag,Latex Ball Muzzle Gag
ItemMouth3,GasMaskGag,Respirator Mask
ItemMouth3,WebGag,Web Gag
ItemMouth3,RopeGag,Rope Gag
ItemMouth3,RopeBallGag,Rope Ball Gag
ItemMouth3,MedicalMask,Medical Mask
ItemMouth3,RegressedMilk,Nursery Milk
ItemMouth3,PrisonLockdownGag,Prison Lockdown Gag
ItemMouth3,ShoeGag,Shoe Gag
ItemMouth3,FuturisticMuzzle,Futuristic Muzzle
ItemMouth3,CageMuzzle,Iron Cage Muzzle
ItemMouth3,PlasticWrap, Plastic Wrap
ItemMouth3,Ribbons,Ribbons
ItemMouth3,PaciGag,Pacifier Gag
ItemMouth3,Tentacles,Tentacle
ItemMouth3,PonyGag,Bridle Gag
ItemMouth3,Slime,Slime
ItemMouth3,Stitches,Stitches
ItemMouth3,FurScarf,Fur Scarf
ItemHead,,Eyes
ItemHead,ClothBlindfold,Cloth Blindfold
ItemHead,ScarfBlindfold,Scarf Blindfold
ItemHead,LeatherBlindfold,Leather Blindfold
ItemHead,PaddedBlindfold,Padded Blindfold
ItemHead,InteractiveVisor,Interactive Visor
ItemHead,FuturisticMask,Futuristic Mask
ItemHead,InteractiveVRHeadset,VR Headset
ItemHead,LeatherSlimMask,Slim Leather Mask
ItemHead,LeatherSlimMaskOpenMouth,Open Mouth Slim Mask
ItemHead,LeatherSlimMaskOpenEyes,Open Eyes Mouth Slim Mask
ItemHead,StuddedBlindfold,Studded Blindfold
ItemHead,KittyBlindfold,Kitty Blindfold
ItemHead,DuctTape,Duct Tape
ItemHead,SmallBlindfold,Small Blindfold
ItemHead,FullBlindfold,Full Blindfold
ItemHead,LewdBlindfold,Lewd Blindfold
ItemHead,LatexBlindfold,Latex Blindfold
ItemHead,FrilledSleepMask,Frilled Sleep Mask
ItemHead,BlackoutLenses,Blackout Lenses
ItemHead,WebBlindfold,Web
ItemHead,RopeBlindfold,Rope Blindfold
ItemHead,SleepMask,Smooth Sleep Mask
ItemHead,PrisonLockdownBlindfold,Prison Lockdown Blindfold
ItemHead,Pantyhose,Pantyhose
ItemHead,Snorkel,Snorkel
ItemHead,Ribbons,Ribbon Blindfold
ItemHead,Tentacles,Tentacles
ItemHead,MedicalPatch,Medical Patches
ItemHead,DroneMask,Smooth Latex Mask
ItemHead,Slime,Slime
ItemHead,FurScarf,Fur Scarf
ItemHead,Stitches,Stitches
ItemNose,,Nose
ItemNose,NoseHook,Nose Hook
ItemNose,PigNose,Pig Nose
ItemNose,NoseRing,Nose Ring
ItemNose,DuctTape,Duct Tape
ItemNose,NosePlugs,Nose Plugs
ItemNose,BarbelPiercing,Barbel Piercing
ItemNose,PigNoseHook,Pig Nose Hook
ItemHood,,Head
ItemHood,BlanketHood,Blanket Hood
ItemHood,LeatherHoodSealed,Sealed Leather Hood
ItemHood,PolishedSteelHood,Polished Steel Hood
ItemHood,InflatedBallHood,Inflatable Hood
ItemHood,OldGasMask,Gas Mask
ItemHood,KirugumiMask,Kigurumi Mask
ItemHood,PumpkinHead,Pumpkin Head
ItemHood,SackHood,Sack Hood
ItemHood,LeatherHoodSensDep,Sensory Deprivation Hood
ItemHood,LatexHoodOpenHair,Open Hair Latex Hood
ItemHood,LeatherHood,Leather Hood
ItemHood,LeatherHoodOpenEyes,Leather Hood Eyes
ItemHood,GasMask,Gas Mask
ItemHood,DogHood,Dog Hood
ItemHood,FoxyMask,Foxy Mask
ItemHood,PonyHood,Pony Hood
ItemHood,LeatherHoodOpenMouth,Leather Hood Mouth
ItemHood,CanvasHood,Canvas Hood
ItemHood,Pantyhose,Pantyhose
ItemHood,GP9GasMask,GP-9 Gas Mask
ItemHood,OpenFaceHood,Open Face Hood
ItemHood,GwenHood,Gwen Hood
ItemHood,TechnoHelmet1,Techno Helmet
ItemHood,FuturisticHelmet,GGTS Helmet
ItemHood,LampHeadHood,Lampshade Hood
ItemHood,AccentHood,Accent Hood
ItemHood,CollarHood,Collar Hood
ItemHood,ZipperHood,Zipper Hood
ItemHood,LatexHabit,Latex Habit Hood
ItemHood,CowHood,Cow Hood
ItemHood,HeadboxSeethrough,One-Way Glass Head Box
ItemHood,Slime,Slime
ItemHood,KittyHood,Kitty Hood
ItemHood,LatexDogHood,Latex Dog Hood
ItemHood,OpenMouthPlugHood,Latex Open Mouth Plug Hood
ItemHood,DroneMask,Smooth Latex Mask
ItemEars,,Ears
ItemEars,LightDutyEarPlugs,Light Duty Ear Plugs
ItemEars,HeavyDutyEarPlugs,Heavy Duty Ear Plugs
ItemEars,HeadphoneEarPlugs,Headphone Ear Plugs
ItemEars,BluetoothEarbuds,Bluetooth Earbuds
ItemEars,FuturisticEarphones,Futuristic Earphones
ItemEars,Headphones,Headphones
ItemMisc,,Body
ItemMisc,MetalPadlock,Metal Padlock
ItemMisc,IntricatePadlock,Intricate Padlock
ItemMisc,HighSecurityPadlock,High-Security Padlock
ItemMisc,TimerPadlock,Five Minutes Padlock
ItemMisc,CombinationPadlock,Combination Padlock
ItemMisc,PasswordPadlock,Password Lock
ItemMisc,TimerPasswordPadlock,Timer Password Lock
ItemMisc,OwnerPadlock,Owner Padlock
ItemMisc,OwnerTimerPadlock,Owner Timer Padlock
ItemMisc,LoversPadlock,Lovers Padlock
ItemMisc,LoversTimerPadlock,Lovers Timer Padlock
ItemMisc,MistressPadlock,Mistress Padlock
ItemMisc,PandoraPadlock,Pandora's Box Padlock
ItemMisc,MistressTimerPadlock,Mistress Timer Padlock
ItemMisc,ExclusivePadlock,Exclusive Padlock
ItemMisc,SafewordPadlock,Safeword Padlock
ItemMisc,MetalPadlockKey,Metal Padlock Key
ItemMisc,OwnerPadlockKey,Owner Padlock Key
ItemMisc,LoversPadlockKey,Lovers Padlock Key
ItemMisc,MistressPadlockKey,Mistress Padlock Key
ItemMisc,PandoraPadlockKey,Pandora's Box Padlock Key
ItemMisc,MetalCuffsKey,Metal Cuffs Key
ItemMisc,Lockpicks,Lockpicks
ItemMisc,WoodenMaidTray,Wooden Maid Tray
ItemMisc,WoodenMaidTrayFull,Wooden Maid Tray Full
ItemMisc,BountySuitcase,Secret Suitcase
ItemMisc,BountySuitcaseEmpty,Unlocked Suitcase
ItemMisc,WoodenPaddle,Wooden Paddle
ItemMisc,WoodenSign,Wooden Sign
ItemMisc,ServingTray,Serving Tray
ItemMisc,TeddyBear,Teddy Bear Set
ItemDevices,,Body
ItemDevices,WoodenBox,Wooden Box
ItemDevices,SmallWoodenBox,Small Wooden Box
ItemDevices,MilkCan,Water filled milk can
ItemDevices,WaterCell,Water torture Cell
ItemDevices,Cage,Stand up cage
ItemDevices,LowCage,Kennel
ItemDevices,SaddleStand,Saddle Stand
ItemDevices,BurlapSack,Burlap Sack
ItemDevices,InflatableBodyBag,Inflatable Body Bag
ItemDevices,FurBlanketWrap,Fur Blanket Wrap
ItemDevices,BondageBench,Bondage Bench
ItemDevices,BBQ,Grill
ItemDevices,LittleMonster,Halloween Monster Set
ItemDevices,Familiar,Halloween Familiar Set
ItemDevices,Coffin,Vampire Coffin
ItemDevices,CryoCapsule,Cryogenic Capsule
ItemDevices,OneBarPrison,One Bar Prison
ItemDevices,TheDisplayFrame,Display Frame
ItemDevices,Sybian,Sybian
ItemDevices,StrapOnSmooth,Smooth Strap On
ItemDevices,StrapOnStuds,Studded Strap On
ItemDevices,DisplayCase,Display Case
ItemDevices,SmallDisplayCase,Small Display Case
ItemDevices,FuturisticCrate,Futuristic Crate
ItemDevices,DollBox,Doll Box
ItemDevices,WoodenBoxOpenHead,Exposed Head Wooden Box
ItemDevices,SmallWoodenBoxOpenHead,Exposed Head Small Wooden Box
ItemDevices,WoodenStocks,Wooden Stocks
ItemDevices,Vacbed,Vacbed
ItemDevices,VacbedClear,Clear Vacbed
ItemDevices,Crib,Crib
ItemDevices,Bed,Bed
ItemDevices,X-Cross,St. Andrews Cross
ItemDevices,ChangingTable,Changing Table
ItemDevices,Locker,Locker
ItemDevices,SmallLocker,Small Locker
ItemDevices,ConcealingCloak,Concealing Cloak
ItemDevices,Kennel,Heavy Kennel
ItemDevices,PetBed,Pet Bed
ItemDevices,TransportWoodenBox,Transport Box
ItemDevices,VacCube,Vac-Cube
ItemDevices,PetBowl,Pet Bowl
ItemDevices,Pole,Pole
ItemDevices,Cushion,Cushion
ItemDevices,WetFloor,Wet Floor Sign
ItemDevices,VacBedDeluxe,Vacuum Bed Deluxe
ItemDevices,FuckMachine,Fuck Machine
ItemDevices,Net,Net
ItemDevices,Snowman,Snowman
ItemDevices,MedicalBed,Medical Bed
ItemDevices,WoodenRack,Wooden Rack
ItemDevices,WoodenHorse,Wooden Horse
ItemAddon,,Body
ItemAddon,Covers,Blanket
ItemAddon,BedRopes,Bed Ropes
ItemAddon,BedStraps,Bed Straps
ItemAddon,BedTape,Bed Tape
ItemAddon,BedChains,Bed Chains
ItemAddon,CeilingRope,Ceiling Rope
ItemAddon,CeilingChain,Ceiling Chain
ItemBoots,,Feet
ItemBoots,PonyBoots,Pony Boots
ItemBoots,BalletHeels,Ballet Heels
ItemBoots,BalletWedges,Ballet Wedges
ItemBoots,ToeCuffs,Metal Toe Cuffs
ItemBoots,LeatherToeCuffs,Leather Toe Cuffs
ItemBoots,ToeTie,Toe Tie
ItemBoots,ThighHighLatexHeels,Latex Heels
ItemBoots,LockingHeels,Locking Heels
ItemBoots,LockingHeels2,Multi-Strap Locking Heels
ItemBoots,LockingShoes1,Locking Strap Shoes
ItemBoots,LockingShoes2,Locking Full Shoes
ItemBoots,FuturisticHeels,Futuristic Shoes
ItemBoots,FuturisticHeels2,Futuristic Heels
ItemBoots,LockingBoots1,Locking Boots
ItemBoots,LeatherFootMitts1,Short Leather Foot Mittens
ItemBoots,ToeTape,Toe Tape
ItemBoots,Zipties,Zip Ties
ItemBoots,HighThighBoots,High Thigh Boots
ItemBoots,Slime,Slime
ItemBoots,MonoHeel,Monoheel
