ClothStudentOutfit1Dress,Dress
ClothStudentOutfit1Buckle,Buckle
ClothStudentOutfit1Shirt,Shirt
ClothStudentOutfit1Bow,Bow
ClothStudentOutfit3White,Shirt
ClothStudentOutfit3Color,Trim
ClothBabydollDress1Dress,Dress
ClothBabydollDress1Trim,Trim
ClothAdultBabyDress1Dress,Dress
ClothAdultBabyDress1Sash,Sash
ClothAdultBabyDress1Trim,Trim
ClothDressFurFabric,Dress
ClothDressFurFur,Fur
ClothCorsetShirtShirt,Shirt
ClothCorsetShirtCorset,Corset
ClothChineseDress2Dress,Main
ClothChineseDress2Edges,Trim
ClothCollegeOutfit1Shirt,Shirt
ClothCollegeOutfit1Tie,Tie
ClothBodice1Base,Main
ClothBodice1Trim,Trim
ClothBodice1Pattern,Pattern
ClothAdmiralTopJacket,Jacket
ClothAdmiralTopTrim,Trim
ClothAdmiralTopShirt,Shirt
ClothSummerDressLayer1,Chest
ClothSummerDressLayer2,Buttons
ClothSummerDressLayer3,Arm Puffs
ClothSummerDressLayer4,Trim
ClothSummerDressBase,Dress
ClothGrandMageBase,Main Dress
ClothGrandMageBackSkirt,Inside Skirt
ClothGrandMageTrim,Dress Trim
ClothGrandMageBelt,Belts
ClothGrandMageBuckle,Buckle
ClothMaidOutfit1Dress,Dress
ClothMaidOutfit1Apron,Apron
ClothMaidOutfit1Frills,Frills
ClothMaidOutfit2Dress,Dress
ClothMaidOutfit2Apron,Apron
ClothMaidOutfit2Frills,Frills
ClothTShirt2Shirt,Shirt
ClothTShirt2Print,Print
ClothAdultBabyDress2Dress,Dress
ClothAdultBabyDress2Lace,Lace
ClothAdultBabyDress2Bow,Bow
ClothAdultBabyDress3Dress,Dress
ClothAdultBabyDress3Belt,Belt
ClothAdultBabyDress3Collar,Collar
ClothReverseBunnySuitSuit,Suit
ClothReverseBunnySuitGloves,Gloves
ClothFuzzyDressDress,Dress
ClothFuzzyDressTopFur,Fur
ClothCropTopBlouse,Top
ClothCropTopDesign,Design
ClothLaurelBase,Top
ClothLaurelDesign,Design
ClothLaurelLace,Lace
ClothSeethroughTopLace,Lace
ClothSeethroughTopDesign,Design
ClothJacketBase,Jacket
ClothAccessoryBouquetBase,Holder
ClothAccessoryBouquetFlowers,Flowers
ClothAccessoryCapeFront,Front
ClothAccessoryCapeBack,Back
ClothAccessoryBibBase,Bib
ClothAccessoryBibTrim,Trim
ClothAccessoryBibPacis,Pattern
ClothAccessoryBibText,Text
NecklaceNecklaceLockChain,Chain
NecklaceNecklaceLockLock,Lock
NecklaceNecklaceKeyChain,Chain
NecklaceNecklaceKeyKey,Key
NecklaceIDCardString,Lanyard
NecklaceIDCardCard,Card
NecklaceElegantHeartNecklaceNecklace,Necklace
NecklaceElegantHeartNecklaceJewels,Jewels
NecklaceFlowerGarlandCenter,Center
NecklaceFlowerGarlandPetals,Petals
NecklaceNecklaceBallGagBall,Ball
NecklaceNecklaceBallGagStrap,Strap
NecklaceBodyChainNecklaceChains,Chains
NecklaceBodyChainNecklaceChoker,Choker
SuitCatsuitBase,Suit
SuitCatsuitZip,Zip
SuitCatsuitGloves,Gloves
SuitSeethroughSuitZipBase,Suit
SuitSeethroughSuitZipZip,Zip
SuitSeethroughSuitZipGloves,Gloves
SuitSeamlessCatsuitSuit,Suit
SuitSeamlessCatsuitGloves,Gloves
SuitSeethroughSuitSuit,Suit
SuitSeethroughSuitGloves,Gloves
SuitReverseBunnySuitSuit,Suit
SuitReverseBunnySuitGloves,Gloves
BraHaremBraFabric,Fabric
BraHaremBraStraps,Straps
BraHaremBraJewel,Jewel
BraFlowerBraBra,Bra
BraFlowerBraFlowers,Flowers
BraFullLatexBra2Shine,Shine
BraFullLatexBra2Bra,Bra
BraMaidBra1Bra,Bra
BraMaidBra1Frills,Frills
ClothLowerSkirt2Color,Skirt
ClothLowerSkirt2Stripe,Trim
ClothLowerSkirt3Color,Skirt
ClothLowerSkirt3Stripe,Trim
ClothLowerLeggings1Cloth,Cloth
ClothLowerLeggings1Stripe,Stripe
ClothLowerLeggings2Cloth,Cloth
ClothLowerLeggings2Stripe,Stripe
ClothLowerTennisSkirt1Stripe,Trim
ClothLowerTennisSkirt1Color,Cloth
ClothLowerPajama1Cloth, Pants
ClothLowerPajama1Stripe, Trim
ClothLowerAdmiralSkirtCloth,Skirt
ClothLowerAdmiralSkirtStripe,Trim
ClothLowerHaremPantsPanty,Panty
ClothLowerHaremPantsVeil,Veil
ClothLowerHaremPantsPantyline,Panty Line
ClothLowerHaremPants2Panty,Panty
ClothLowerHaremPants2Fabric,Fabric
ClothLowerHaremPants2Veil,Veil
ClothLowerHaremPants2Pantyline,Panty Line
ClothLowerHaremPants2Buttons,Buttons
ClothLowerMageSkirtSkirt,Skirt
ClothLowerMageSkirtWaist,Waistband
ClothLowerPleatedSkirtDress,Skirt
ClothLowerPleatedSkirtStripe,Waistband
ClothLowerTutuBelt,Belt
ClothLowerTutuLayer1,Layer 1
ClothLowerTutuLayer2,Layer 2
ClothLowerTutuLayer3,Layer 3
ClothLowerTutuLayer4,Layer 4
ClothLowerHulaSkirtBackLeaves,Leaves
ClothLowerHulaSkirtFlowers,Flowers
ClothLowerHulaSkirtPollen,Pollen
ClothLowerElegantSkirtSkirt,Skirt
ClothLowerElegantSkirtDesign,Design
ClothLowerBondageSkirtSkirt,Skirt
ClothLowerBondageSkirtFrill,Frill
ClothLowerBondageSkirtStraps,Straps
SuitLowerCatsuitBase,Suit
SuitLowerCatsuitZip,Zip
SuitLowerSeethroughSuitZipBase,Suit
SuitLowerSeethroughSuitZipZip,Zip
PantiesDiapers2Diaper,Diaper
PantiesDiapers2Cover,Plastic Cover
PantiesDiapers4Diaper,Diaper
PantiesDiapers4Tape,Tape
PantiesDiapers4Pattern,Pattern
PantiesBulkyDiaperBase,Diaper
PantiesBulkyDiaperCrotchPiece,Crotch Padding
PantiesBulkyDiaperWaistBand,Waist Band
PantiesBulkyDiaperTape,Tape
PantiesPoofyDiaperBase,Diaper
PantiesPoofyDiaperCrotchPatch,Crotch Padding
PantiesPoofyDiaperFrills,Frills
PantiesPoofyDiaperTape,Tape
PantiesFlowerPantiesPanties,Panties
PantiesFlowerPantiesFlowers,Flowers
PantiesFloralPanties2Base,Base
PantiesFloralPanties2Flowers,Pattern
PantiesMaidPanties2Frills,Frills
PantiesMaidPanties2Panties,Panties
SocksSocks6Sock,Sock
SocksSocks6Frill,Trim
SocksSocksFurFabric,Sock
SocksSocksFurFur,Fur
SocksSocksStriped1Light,Light Stripes
SocksSocksStriped1Dark,Dark Stripes
SocksHaremStockingsFabric,Fabric
SocksHaremStockingsBands,Bands
HatSanta1Fabric,Hat
HatSanta1Fur,Fur
HatBonnet1Base,Bonnet
HatBonnet1Lace,Lace
HatWitchHat1Hat,Hat
HatWitchHat1Band,Band
HatPirateBandana1Bandana,Bandana
HatPirateBandana1Skull,Skull
HatPirateBandana1Dots,Dots
HatBandanaBow,Bandana
HatBandanaBowPattern,Patterns
HatCrown2Crown,Crown
HatCrown2Jewels,Jewels
HatCrown3Crown,Crown
HatCrown3Jewels,Jewels
HatPoliceWomanHatBadge,Badge
HatPoliceWomanHatHat,Hat
HatCaptainHat1Top,Top
HatCaptainHat1Insignia,Insignia
HatCaptainHat1Rope,Rope
HatCaptainHat1Brim,Brim
HatRoseCrownLeaves,Leaves
HatRoseCrownRoses,Roses
HatFlowerCrownMainFlowers,Main Flowers
HatFlowerCrownPetals,Petals
HatPoppyCrownEndFlowers,End Flowers
HatPoppyCrownMainFlower,Main Flower
HatPoppyCrownSideFlowers,Side Flowers
HatPoppyCrownLeaves,Leaves
HatPoppyCrownCenter,Flower Center
HatLatexHabitCape,Shoulders
HatLatexHabitCollar,Collar
HatLatexHabitBase,Shawl
HatLatexHabitCowl,Cowl
HatBallCapBackButton,Button
HatBallCapBackPanelLeft,Panel
HatBallCapBackSideLeft,Side
HatBallCapBackStrap,Strap
HatBallCapFrontPanel,Panel
HatBallCapFrontPanelLeft,Left Panel
HatBallCapFrontPanelRight,Right Panel
HatBallCapFrontButton,Button
HatBallCapFrontVisor,Visor
HatBallCapFrontPrint,Print
HairAccessory1KittenEars1Outer,Outer Ear
HairAccessory1KittenEars1Inner,Inner Ear
HairAccessory1FoxEars2Inner,Inner Ear
HairAccessory1FoxEars2Outer,Outer Ear
HairAccessory1FoxEars3EarOuter,Outer Ear
HairAccessory1FoxEars3EarInner,Inner Ear
HairAccessory1FoxEars3Strap,Strap
HairAccessory1FoxEars3Bell,Bell
HairAccessory1BunnyEars2Outer,Outer
HairAccessory1BunnyEars2Inner,Inner
HairAccessory1HaloGlow,Glow
HairAccessory1HaloBase,Body
HairAccessory1HaloCore,Core
HairAccessory2KittenEars1Outer,Outer Ear
HairAccessory2KittenEars1Inner,Inner Ear
HairAccessory2FoxEars2Inner,Inner Ear
HairAccessory2FoxEars2Outer,Outer Ear
HairAccessory2FoxEars3EarOuter,Outer Ear
HairAccessory2FoxEars3EarInner,Inner Ear
HairAccessory2FoxEars3Strap,Strap
HairAccessory2FoxEars3Bell,Bell
HairAccessory2BunnyEars2Outer,Outer
HairAccessory2BunnyEars2Inner,Inner
HairAccessory3HaloGlow,Glow
HairAccessory3HaloBase,Body
HairAccessory3HaloCore,Core
HairFrontHairFront22Fluff, Fluff
HairFrontHairFront22Base, Base
HairFrontHairFront22Tip, Tip
HairFrontHairFront22bFluff, Fluff
HairFrontHairFront22bBase, Base
HairFrontHairFront22bTip, Tip
HairFrontHairFront23Fluff, Fluff
HairFrontHairFront23Base, Base
HairFrontHairFront23Tip, Tip
HairFrontHairFront23bFluff, Fluff
HairFrontHairFront23bBase, Base
HairFrontHairFront23bTip, Tip
HairFrontHairFront27Base,Base
HairFrontHairFront27Bangs,Bangs
HairFrontHairFront27BangsTip,Tips
HairFrontHairFront28Base,Base
HairFrontHairFront28Bangs,Bangs
HairFrontHairFront28Tips,Tips
HairFrontHairFront29Left,Left
HairFrontHairFront29Right,Right
HairBackHairBack53Base,Base
HairBackHairBack53Tip,Tips
HairBackHairBack54Left,Left
HairBackHairBack54Right,Right
GlovesGlovesFurFabric,Glove
GlovesGlovesFurFur,Fur
GlovesHaremGloveFabric,Fabric
GlovesHaremGloveBands,Bands
MaskFaceVeilFabric,Fabric
MaskFaceVeilString,String
TailStrapsTailStrapTail,Tail
TailStrapsTailStrapRibbon,Ribbon
TailStrapsTailStrapBell,Bell
TailStrapsFoxTailsStrapBases,Tails
TailStrapsFoxTailsStrapTips,Tips
TailStrapsSuccubusHeartTailStrapTail,Tail
TailStrapsSuccubusHeartTailStrapHeart,Heart
TailStrapsFoxTailStrap1Base,Tail
TailStrapsFoxTailStrap1Tip,Tip
TailStrapsFoxTailStrap2Base,Tail
TailStrapsFoxTailStrap2Tip,Tip
TailStrapsDragonTailStrap1Primary,Primary
TailStrapsDragonTailStrap1Secondary,Secondary
TailStrapsTentaclesInner,Inner
TailStrapsTentaclesOuter,Outer
TailStrapsTentaclesSucker,Suckers
ItemFeetSteelAnkleCuffsCuffs,Cuffs
ItemFeetSteelAnkleCuffsChain,Chain
ItemFeetOrnateAnkleCuffsCuffs,Cuffs
ItemFeetOrnateAnkleCuffsGems,Gems
ItemFeetOrnateAnkleCuffsChain,Chain
ItemFeetFloorShacklesChain,Chain
ItemFeetFloorShacklesCuffs,Cuffs
ItemFeetFuturisticAnkleCuffsChain,Chain
ItemFeetFuturisticAnkleCuffsCuffs,Cuffs
ItemFeetFuturisticAnkleCuffsDisplay,Display
ItemFeetFuturisticAnkleCuffsLock,Lock
ItemFeetLeatherAnkleCuffsCuffs,Cuffs
ItemFeetLeatherAnkleCuffsRings,Rings
ItemFeetLeatherAnkleCuffsChain,Chain
ItemFeetMedicalBedRestraintsBase,Bed Straps
ItemFeetMedicalBedRestraintsStraps,Cuffs
ItemFeetSturdyLeatherBeltsLowerBelt,Lower Belt
ItemFeetSturdyLeatherBeltsLowerMetal,Lower Belt
ItemFeetSturdyLeatherBeltsUpperBelt,Upper Belt
ItemFeetSturdyLeatherBeltsUpperMetal,Upper Belt
ItemFeetSturdyLeatherBeltsFeetBelt,Feet Belt
ItemFeetSturdyLeatherBeltsFeetMetal,Feet Belt
ItemFeetTentaclesInner,Inner
ItemFeetTentaclesOuter,Outer
ItemFeetTentaclesSucker,Suckers
ItemFeetNylonRopeLowerRope,Lower Rope
ItemFeetNylonRopeUpperRope,Upper Rope
ItemFeetSlimeOne,Color 1
ItemFeetSlimeTwo,Color 2
ItemLegsFuturisticLegCuffsChain,Chain
ItemLegsFuturisticLegCuffsCuffs,Cuffs
ItemLegsFuturisticLegCuffsDisplay,Display
ItemLegsFuturisticLegCuffsLock,Lock
ItemLegsOrnateLegCuffsCuffs,Cuffs
ItemLegsOrnateLegCuffsGems,Gems
ItemLegsOrnateLegCuffsChain,Chain
ItemLegsLeatherLegCuffsCuffs,Cuffs
ItemLegsLeatherLegCuffsRings,Rings
ItemLegsLeatherLegCuffsChain,Chain
ItemLegsLegBinderLatex,Binder
ItemLegsLegBinderBelts,Belts
ItemLegsHobbleSkirtLatex,Skirt
ItemLegsHobbleSkirtBelts,Belts
ItemLegsMedicalBedRestraintsBase,Bed Straps
ItemLegsMedicalBedRestraintsStraps,Cuffs
ItemLegsSturdyLeatherBeltsLowerBelt,Lower Belt
ItemLegsSturdyLeatherBeltsLowerMetal,Lower Belt
ItemLegsSturdyLeatherBeltsUpperBelt,Upper Belt
ItemLegsSturdyLeatherBeltsUpperMetal,Upper Belt
ItemLegsTentaclesInner,Inner
ItemLegsTentaclesOuter,Outer
ItemLegsTentaclesSucker,Suckers
ItemLegsNylonRopeLowerRope,Lower Rope
ItemLegsNylonRopeUpperRope,Upper Rope
ItemLegsSlimeOne,Color 1
ItemLegsSlimeTwo,Color 2
ItemVulvaWandBeltBelt,Belt
ItemVulvaWandBeltWand,Wand
ItemVulvaHempRopeBeltRope,Rope
ItemVulvaHempRopeBeltWand,Wand
ItemVulvaWiredEggRemote,Remote
ItemVulvaWiredEggStrap,Strap
ItemVulvaVibratingDildoDildo,Dildo
ItemVulvaVibratingDildoEnd,End
ItemVulvaFuturisticVibratorBand,Body
ItemVulvaFuturisticVibratorDisplay,Display
ItemVulvaFuturisticVibratorLock,Lock
ItemVulvaStitchesThread,Thread
ItemVulvaPiercingsVibeHeartClitPiercingHeart,Heart
ItemVulvaPiercingsVibeHeartClitPiercingRing,Ring
ItemVulvaPiercingsTapedClitEggEgg,Egg
ItemVulvaPiercingsTapedClitEggTape,Tape
ItemVulvaPiercingsClitRingRing,Ring
ItemVulvaPiercingsClitRingLeash,Leash
ItemVulvaPiercingsRoundClitPiercingRing,Ring
ItemVulvaPiercingsRoundClitPiercingWeight,Weight
ItemVulvaPiercingsRoundClitPiercingBell,Bell
ItemVulvaPiercingsRoundClitPiercingChain,Chain
ItemVulvaPiercingsRoundClitPiercingHaremChain,Harem Chain
ItemVulvaPiercingsRoundClitPiercingHaremVeil,Harem Veil
ItemButtFoxTail1Base,Tail
ItemButtFoxTail1Tip,Tip
ItemButtFoxTail2Base,Tail
ItemButtFoxTail2Tip,Tip
ItemButtSuccubusHeartButtPlugTail,Tail
ItemButtSuccubusHeartButtPlugHeart,Heart
ItemButtTailButtPlugTail,Tail
ItemButtTailButtPlugRibbon,Ribbon
ItemButtTailButtPlugBell,Bell
ItemButtFoxTailsBases,Tails
ItemButtFoxTailsTips,Tips
ItemButtTentaclesInner,Inner
ItemButtTentaclesOuter,Outer
ItemButtTentaclesSucker,Suckers
ItemPelvisOrnateChastityBeltBelt,Belt
ItemPelvisOrnateChastityBeltGems,Gems
ItemPelvisBulkyDiaperBase,Diaper
ItemPelvisBulkyDiaperCrotchPiece,Crotch Padding
ItemPelvisBulkyDiaperWaistBand,Waist Band
ItemPelvisBulkyDiaperTape,Tape
ItemPelvisPoofyDiaperBase,Diaper
ItemPelvisPoofyDiaperCrotchPatch,Crotch Padding
ItemPelvisPoofyDiaperFrills,Frills
ItemPelvisPoofyDiaperTape,Tape
ItemPelvisMetalChastityBeltBelt,Belt
ItemPelvisMetalChastityBeltLock,Lock
ItemPelvisLeatherChastityBeltBelt,Belt
ItemPelvisLeatherChastityBeltStuds,Studs
ItemPelvisLeatherChastityBeltLocks,Locks
ItemPelvisHybridChastityBeltBelt,Belt
ItemPelvisHybridChastityBeltCrotchPlate,Crotch Plate
ItemPelvisHybridChastityBeltRivets,Rivets
ItemPelvisHybridChastityBeltLock,Lock
ItemPelvisObedienceBeltBase,Base
ItemPelvisObedienceBeltTrim,Trim
ItemPelvisObedienceBeltText,Engraving
ItemPelvisObedienceBeltCrotchShield,Crotch Shield
ItemPelvisObedienceBeltPositiveWire,Positive Wire
ItemPelvisObedienceBeltNegativeWire,Negative Wire
ItemNipplesChainClampChain,Chain
ItemNipplesChainClampMetal,Metal
ItemNipplesChainClampClamp,Clamps
ItemNipplesTapedVibeEggsEgg1,Left Vibe Egg
ItemNipplesTapedVibeEggsEgg2,Right Vibe Egg
ItemNipplesTapedVibeEggsTape1,Left Tape Strip
ItemNipplesTapedVibeEggsTape2,Right Tape Strip
ItemNipplesStretchCloversFrame,Frame
ItemNipplesStretchCloversClamps,Clamps
ItemNipplesPiercingsRoundPiercingPiercings,Piercings
ItemNipplesPiercingsRoundPiercingWeights,Weights
ItemNipplesPiercingsRoundPiercingChain,Chain
ItemNipplesPiercingsVibeHeartPiercingsHeart,Heart
ItemNipplesPiercingsVibeHeartPiercingsRing,Ring
ItemNipplesPiercingsNecklacePiercingChainChain,Chain
ItemNipplesPiercingsNecklacePiercingChainHeart,Heart
ItemNipplesPiercingsNecklacePiercingChainPiercing,Piercing
ItemBreastOrnateChastityBraBra,Bra
ItemBreastOrnateChastityBraGems,Gems
ItemArmsBoxTieArmbinderBase,Base
ItemArmsBoxTieArmbinderShine,Shine
ItemArmsLeatherCuffsCuffs,Cuffs
ItemArmsLeatherCuffsRings,Rings
ItemArmsOrnateCuffsCuffs,Cuffs
ItemArmsOrnateCuffsGems,Gems
ItemArmsStraitLeotardLower,Lower Half
ItemArmsStraitLeotardGloves,Gloves
ItemArmsStraitLeotardUpper,Upper Half
ItemArmsBoleroLeather,Jacket
ItemArmsBoleroBelts,Straps
ItemArmsStraitDressLatex,Dress
ItemArmsStraitDressBelts,Straps
ItemArmsStraitDressOpenLatex,Dress
ItemArmsStraitDressOpenBelts,Straps
ItemArmsFullLatexSuitLatex,Suit
ItemArmsFullLatexSuitBase,Straps
ItemArmsBondageBouquetBase,Holder
ItemArmsBondageBouquetFlowers,Flowers
ItemArmsLatexArmbinderLatex,Binder
ItemArmsLatexArmbinderLaces,Laces
ItemArmsLatexArmbinderStrap1,Strap
ItemArmsLatexArmbinderBuckle1,Buckle
ItemArmsLatexArmbinderHole1,Buckle Hole
ItemArmsLatexArmbinderStrap2,Strap
ItemArmsLatexArmbinderBuckle2,Buckle
ItemArmsLatexArmbinderHole2,Buckle Hole
ItemArmsPrisonLockdownSuitSuit,Suit
ItemArmsPrisonLockdownSuitBelts,Straps
ItemArmsHighSecurityStraitJacketCrotch,Crotch Panel
ItemArmsHighSecurityStraitJacketJacketLoose,Jacket
ItemArmsHighSecurityStraitJacketStrapsLoose,Jacket
ItemArmsHighSecurityStraitJacketCrotchStrapsSingle,Crotch
ItemArmsYokeStraps,Straps
ItemArmsYokeBars,Bars
ItemArmsWristShacklesCuffs,Cuffs
ItemArmsWristShacklesChain,Chain
ItemArmsPilloryWood,Wood
ItemArmsPilloryMetal,Metal
ItemArmsLeatherArmbinderBinder,Binder
ItemArmsLeatherArmbinderStrap,Straps
ItemArmsArmbinderJacketJacket,Jacket
ItemArmsArmbinderJacketStraps,Straps
ItemArmsArmbinderJacketRings,Buckles
ItemArmsHempRope,Ropes
ItemArmsHempRopeSuspension,Suspension Rope
ItemArmsChains,Chains
ItemArmsChainsSuspension,Suspension Chain
ItemArmsFuturisticArmbinderDisplay,Display
ItemArmsFuturisticArmbinderBinder,Binder
ItemArmsFuturisticArmbinderBand,Band
ItemArmsFuturisticArmbinderStraps,Straps
ItemArmsFuturisticArmbinderLock,Lock
ItemArmsFuturisticStraitjacketBand,Band
ItemArmsFuturisticStraitjacketDisplay,Display
ItemArmsFuturisticStraitjacketMesh,Mesh
ItemArmsFuturisticStraitjacketLower,Material
ItemArmsFuturisticStraitjacketSides,Sides
ItemArmsFuturisticStraitjacketLock,Lock
ItemArmsMedicalBedRestraintsBase,Bed Straps
ItemArmsMedicalBedRestraintsStraps,Cuffs
ItemArmsCeilingShacklesChain,Chain
ItemArmsCeilingShacklesCuffs,Cuffs
ItemArmsFuturisticCuffsCuffs,Cuffs
ItemArmsFuturisticCuffsLock,Lock
ItemArmsFuturisticCuffsDisplay,Display
ItemArmsSturdyLeatherBeltsWaistBelt,Waist Belt
ItemArmsSturdyLeatherBeltsWaistMetal,Waist Belt
ItemArmsSturdyLeatherBeltsUpperTorsoBelt,Above Breast Belt
ItemArmsSturdyLeatherBeltsUpperTorsoMetal,Above Breast Belt
ItemArmsSturdyLeatherBeltsLowerTorsoBelt,Below Breast Belt
ItemArmsSturdyLeatherBeltsLowerTorsoMetal,Below Breast Belt
ItemArmsTransportJacketShorts,Shorts
ItemArmsTransportJacketJacket,Jacket
ItemArmsTransportJacketText,Text
ItemArmsTransportJacketStripes,Jacket
ItemArmsTransportJacketStripesLegs,Shorts
ItemArmsTransportJacketStraps,Straps
ItemArmsBitchSuitLatex,Suit
ItemArmsBitchSuitLock,Locks
ItemArmsBitchSuitExposedLatex,Suit
ItemArmsBitchSuitExposedLock,Locks
ItemArmsTentaclesLowerInner,Inner
ItemArmsTentaclesLowerSucker,Suckers
ItemArmsTentaclesLowerOuter,Outer
ItemArmsTentaclesInner,Inner
ItemArmsTentaclesOuter,Outer
ItemArmsTentaclesSucker,Suckers
ItemArmsSlimeBaseOne,Color 1
ItemArmsSlimeBaseTwo,Color 2
ItemArmsSlimeGirlBack,Slime Girl
ItemHandsFuturisticMittensBody,Body
ItemHandsFuturisticMittensMesh,Mesh
ItemHandsFuturisticMittensDisplay,Display
ItemHandsFuturisticMittensLock,Lock
ItemNeckHighCollarLeather,Leather
ItemNeckHighCollarRings,Rings
ItemNeckPostureCollarCollar,Collar
ItemNeckPostureCollarRing1,Middle Ring
ItemNeckPostureCollarRing2,Left Ring
ItemNeckPostureCollarRing3,Right Ring
ItemNeckLeatherCollarCollar,Collar
ItemNeckLeatherCollarRing,Ring
ItemNeckLeatherChokerLeather,Leather
ItemNeckLeatherChokerMetal,Metal
ItemNeckMaidCollarFrills,Frills
ItemNeckMaidCollarCollar,Collar
ItemNeckMaidCollarBrooch,Brooch
ItemNeckFuturisticCollarBand,Band
ItemNeckFuturisticCollarMesh,Mesh (for copying to items)
ItemNeckFuturisticCollarDisplay,Display
ItemNeckFuturisticCollarLock,Lock
ItemNeckOrnateCollarCollar,Collar
ItemNeckOrnateCollarGem,Gems
ItemNeckShinySteelCollarCollar,Collar
ItemNeckShinySteelCollarRing,Ring
ItemNeckGothicCollarCollar,Collar
ItemNeckGothicCollarOrnaments,Ornaments
ItemNeckGothicCollarJewels,Jewels
ItemNeckGothicCollarMetal,Metal
ItemNeckGothicCollarFlowers,Flowers
ItemNeckTechnoCollarSlenderCollarBase,Collar
ItemNeckTechnoCollarSlenderCollarSides,Side Plates
ItemNeckHeartLinkChokerLeatherStrap,Leather Strap
ItemNeckHeartLinkChokerHeartLink,Heart Link
ItemNeckAccessoriesCustomCollarTagTag,Tag
ItemNeckAccessoriesCustomCollarTagText,Text
ItemNeckAccessoriesElectronicTagTag,Tag
ItemNeckAccessoriesElectronicTagDisplay,Display
ItemNeckAccessoriesElectronicTagText,Text
ItemNeckRestraintsCollarRopeShortRope,Rope
ItemNeckRestraintsCollarRopeShortPlate,Plate
ItemNeckRestraintsCollarRopeMediumRope,Rope
ItemNeckRestraintsCollarRopeMediumPlate,Plate
ItemNeckRestraintsCollarRopeLongRope,Rope
ItemNeckRestraintsCollarRopeLongPlate,Plate
ItemNeckRestraintsPostChain,Chain
ItemNeckRestraintsPostHead,Cap
ItemNeckRestraintsPostPost,Post
ItemNeckRestraintsPostBase,Baseplate
ItemNeckRestraintsPetPostPole,Pole
ItemNeckRestraintsPetPostPlaque,Plaque
ItemNeckRestraintsPetPostPlaqueBorder,PlaqueBorder
ItemNeckRestraintsPetPostPostit,Postit
ItemNeckRestraintsPetPostPaw,Sticker
ItemNeckRestraintsPetPostPlaqueBolts,PlaqueBolts
ItemNeckRestraintsPetPostLeash,Leash
ItemNeckRestraintsPetPostRope,Rope
ItemNeckRestraintsPetPostChain,Chain
ItemNeckRestraintsPetPostText,Text
ItemNeckComboHarnessRing,Ring
ItemNeckComboHarnessStuds,Studs
ItemNeckComboHarnessBall,Ball
ItemNeckComboHarnessBuckles,Buckles
ItemNeckComboHarnessHarness,Harness
ItemNeckBonedNeckCorsetBase,Base
ItemNeckBonedNeckCorsetShine,Shine
ItemNeckBonedNeckCorsetStripes,Stripes
ItemNeckBonedNeckCorsetStripesShine,Stripes Shine
ItemNeckBonedNeckCorsetRing,Ring
ItemMiscWoodenSignSign,Sign
ItemMiscWoodenSignRope,Rope
ItemMiscWoodenSignText,Text
ItemMiscWoodenSignRope,Rope
ItemMiscWoodenSignText,Text
ItemDevicesBedPillow,Pillow
ItemDevicesBedMattress,Mattress
ItemDevicesBedHeadboard,Headboard
ItemDevicesBedBedFrame,Frame
ItemDevicesBondageBenchBench,Bench
ItemDevicesBondageBenchStraps,Straps
ItemDevicesCoffinInside,Velvet
ItemDevicesCoffinFrame,Frame
ItemDevicesCoffinOpen,Lid (open)
ItemDevicesCoffinClosed,Lid (closed)
ItemDevicesCryoCapsuleInside,Bottom
ItemDevicesCryoCapsuleFrame,Frame
ItemDevicesCryoCapsuleOpen,Lid (open)
ItemDevicesCryoCapsuleClosed,Lid (closed)
ItemDevicesCageFrame,Frame
ItemDevicesCageMesh,Mesh
ItemDevicesCageTint,Tint
ItemDevicesX-CrossCross,Frame
ItemDevicesX-CrossPadding,Padding
ItemDevicesChangingTableFrame,Frame
ItemDevicesChangingTableTable,Tabletop
ItemDevicesCribFrame,Frame
ItemDevicesCribMattress,Mattress
ItemDevicesCribPillow,Pillow
ItemDevicesCribPillowTrim,Pillow Trim
ItemDevicesCribPlushies,Plushies
ItemDevicesConcealingCloakFront,Cloak
ItemDevicesConcealingCloakStrap,Straps
ItemDevicesKennelKennel,Kennel
ItemDevicesKennelFrame,Front Frame
ItemDevicesKennelDoor,Door
ItemDevicesKennelPadding,Padding
ItemDevicesPetBedBed,Bed
ItemDevicesPetBedLining,Bed Lining
ItemDevicesPetBedBlanket,Blanket
ItemDevicesPetBedInner,Blanket Lining
ItemDevicesTransportWoodenBoxBack,Wood
ItemDevicesTransportWoodenBoxWheelholders,Wheel Holders
ItemDevicesTransportWoodenBoxWheels,Wheels
ItemDevicesTransportWoodenBoxText,Text
ItemDevicesWoodenBoxBack,Wood
ItemDevicesWoodenBoxText,Text
ItemDevicesPetBowlBowl,Bowl
ItemDevicesPetBowlText,Text
ItemDevicesVacBedDeluxeSheetBack,Sheet Back
ItemDevicesVacBedDeluxeSheetFront,Sheet Front
ItemDevicesVacBedDeluxeSheet,Sheet
ItemDevicesVacBedDeluxeUpper,Upper
ItemDevicesVacBedDeluxeLower,Lower
ItemDevicesVacBedDeluxeBody,Body
ItemDevicesVacBedDeluxeFrame,Frame
ItemDevicesFuckMachineCaps,Caps
ItemDevicesFuckMachinePlastic,Plastic
ItemDevicesFuckMachineMetal,Metal
ItemDevicesFuckMachinePole,Pole
ItemDevicesFuckMachineDildo,Dildo
ItemDevicesFurBlanketWrapBlanket,Blanket
ItemDevicesFurBlanketWrapBelts,Belts
ItemDevicesNetFront,Net
ItemDevicesNetWeightsFront,Weights
ItemDevicesSnowmanButtons,Buttons
ItemDevicesSnowmanStickHands,Arms
ItemDevicesWoodenHorseFrame,Frame
ItemDevicesWoodenHorseWood,Wood
ItemAddonCoversOuter,Outer
ItemAddonCoversInner,Inner
ItemNoseNoseHookBand,Strap
ItemNoseNoseHookHook,Hook
ItemNosePigNoseNose,Nose
ItemNosePigNoseStrap,Strap
ItemHoodPumpkinHeadFront,Front
ItemHoodPumpkinHeadBack,Back
ItemHoodLatexHoodOpenHairHair,Hair
ItemHoodLatexHoodOpenHairHood,Hood
ItemHoodLeatherHoodHood,Hood
ItemHoodLeatherHoodCollar,Collar
ItemHoodLeatherHoodSnaps,Snaps
ItemHoodKirugumiMaskMask,Face
ItemHoodKirugumiMaskEyes1,Eyes
ItemHoodKirugumiMaskMouth1,Mouth
ItemHoodKirugumiMaskBlush1,Blush
ItemHoodGP9GasMaskMouth,Mouthpiece
ItemHoodGP9GasMaskLens,Lens
ItemHoodGP9GasMaskMask,Mask
ItemHoodGP9GasMaskEdges,Edges
ItemHoodCanvasHoodHood,Canvas
ItemHoodCanvasHoodText,Text
ItemHoodOldGasMaskMask,Mask
ItemHoodOldGasMaskLenses,Blinding Lenses
ItemHoodOldGasMaskTubeA,Breathing Attachment
ItemHoodTechnoHelmet1TransparentVisor,Visor
ItemHoodTechnoHelmet1ChinStrap,Chin Strap
ItemHoodTechnoHelmet1HelmetMain,Helmet
ItemHoodTechnoHelmet1HelmetSecondary,Side Pieces
ItemHoodTechnoHelmet1HypnoSpiral,Hypno Spiral Icon
ItemHoodFoxyMaskUpper,Upper
ItemHoodFoxyMaskLower,Lower
ItemHoodLampHeadHoodInside,Interior
ItemHoodLampHeadHoodSwitch,Switch
ItemHoodLampHeadHoodLamp,Exterior
ItemHoodCollarHoodHood,Hood
ItemHoodCollarHoodCollar,Collar
ItemHoodCowHoodBase,Hood
ItemHoodCowHoodSpots,Spots
ItemHoodLatexHabitBase,Shawl
ItemHoodLatexHabitCowl,Cowl
ItemHoodLatexHabitCape,Shoulders
ItemHoodLatexHabitCollar,Collar
ItemHoodHeadboxSeethroughGlassInside,Inside
ItemHoodHeadboxSeethroughFrame,Outside
ItemHoodSlimeOne,Color 1
ItemHoodSlimeTwo,Color 2
ItemHoodKittyHoodBase,Base
ItemHoodKittyHoodLinings,Linings
ItemHoodKittyHoodPanel,Forehead Panel
ItemHoodKittyHoodDisplay,Display
ItemHoodKittyHoodOpenings,Openings
ItemHoodKittyHoodBlindfold,Blindfold
ItemHoodKittyHoodGag,Gag
ItemHoodKittyHoodDrawings,Drawings
ItemHoodKittyHoodLock,Lock
ItemHoodOpenMouthPlugHoodLenses,Lenses
ItemHoodOpenMouthPlugHoodHood,Hood
ItemHoodOpenMouthPlugHoodPlug,Plug
ItemHoodDroneMaskBase,Mask
ItemHoodDroneMaskShine,Shine
ItemHoodDroneMaskEyeRegular,Eyes
ItemHoodDroneMaskMouthOnahole,Mouth
ItemHoodDroneMaskBarcode,Pattern
ItemBootsLockingBoots1Boots,Boots
ItemBootsLockingBoots1Straps,Straps
ItemBootsFuturisticHeelsShoes,Body
ItemBootsFuturisticHeelsDisplay,Display
ItemBootsFuturisticHeelsLock,Lock
ItemBootsFuturisticHeels2Mesh,Body
ItemBootsFuturisticHeels2Shine,Shine
ItemBootsFuturisticHeels2Cuffs,Cuffs
ItemBootsFuturisticHeels2Trim,Trim
ItemBootsFuturisticHeels2Soles,Heels
ItemBootsFuturisticHeels2Display,Display
ItemBootsFuturisticHeels2Lock,Lock
ItemBootsLeatherFootMitts1Mitts,Mittens
ItemBootsLeatherFootMitts1Straps,Straps
ItemBootsSlimeOne,Color 1
ItemBootsSlimeTwo,Color 2
ItemBootsMonoHeelBinder,Binder
ItemBootsMonoHeelVamp,Vamp
ItemBootsMonoHeelTrim,Trim
GartersGarterBeltLeft,Left
GartersGarterBeltRight,Right
ShoesSneakers1Main,Main
ShoesSneakers1Front,Front
ShoesSneakers1Laces,Laces
ShoesSneakers2Shoes,Shoes
ShoesSneakers2Laces,Laces
ShoesFuturisticHeels2Mesh,Body
ShoesFuturisticHeels2Shine,Shine
ShoesFuturisticHeels2Cuffs,Cuffs
ShoesFuturisticHeels2Trim,Trim
ShoesFuturisticHeels2Soles,Heels
ShoesFuturisticHeels2Lock,Lock
ShoesBoots1Shoes,Inner
ShoesBoots1Sides,Outer
ShoesBoots1Laces,Laces
ShoesSandalsRSTop,Top
ShoesSandalsRSSoles,Soles
ShoesFlippersShoes,Shoes
ShoesFlippersFins,Fins
ShoesDeluxeBootsBoots,Outer
ShoesDeluxeBootsLaces,Inner & Laces
ShoesDeluxeBootsHeels,Heels
ShoesDeluxeBootsStraps,Straps
ShoesDeluxeBootsBuckles,Buckles
ShoesFuzzyBootsHeels,Heels
ShoesFuzzyBootsBoots,Boots
ShoesFuzzyBootsFur,Fur
ItemMouthWiffleGagStrap,Strap
ItemMouthWiffleGagBall,Ball
ItemMouthHarnessBallGagBall,Ball
ItemMouthHarnessBallGagHarness,Harness
ItemMouthHarnessPonyBitsMetal, Metal
ItemMouthHarnessPonyBitsStraps, Straps
ItemMouthHarnessPonyBitsBobble, Bobble
ItemMouthCupholderGagGag,Gag
ItemMouthCupholderGagHolder,Holder
ItemMouthCupholderGagCup,Cup
ItemMouthDildoGagStrap,Strap
ItemMouthDildoGagDildo,Dildo
ItemMouthDildoPlugGagStrap,Strap
ItemMouthDildoPlugGagClose,Close
ItemMouthBambooGagRod,Rod
ItemMouthBambooGagRope,Rope
ItemMouthHarnessBallGag1Ball,Ball
ItemMouthHarnessBallGag1Strap,Strap
ItemMouthBallGagBall,Ball
ItemMouthBallGagStrap,Strap
ItemMouthBallBase,Ball
ItemMouthBallStripes,Stripes
ItemMouthBallGagMaskStrap,Strap
ItemMouthBallGagMaskBall,Ball
ItemMouthMedicalMaskInner,Inner
ItemMouthMedicalMaskOuter,Outer
ItemMouthPrisonLockdownGagMask,Mask
ItemMouthPrisonLockdownGagStraps,Straps
ItemMouthPrisonLockdownGagBelts,Belts
ItemMouthCarrotGagCarrot,Carrot
ItemMouthCarrotGagStraps,Straps
ItemMouthPumpkinGagPumpkin,Pumpkin
ItemMouthPumpkinGagStraps,Straps
ItemMouthPumpkinGagRings,Rings
ItemMouthFoxyHarnessPanelGagPanel,Panel
ItemMouthFoxyHarnessPanelGagStraps,Straps
ItemMouthBitGagBit,Bit
ItemMouthBitGagStraps,Straps
ItemMouthBoneGagBone,Bone
ItemMouthBoneGagStraps,Straps
ItemMouthXLBoneGagBone,Bone
ItemMouthXLBoneGagStraps,Straps
ItemMouthHarnessPacifierGagHarness,Harness Straps
ItemMouthHarnessPacifierGagMetal,Metal Parts
ItemMouthHarnessPacifierGagPacifierOuter,Pacifier
ItemMouthHarnessPacifierGagPacifierInner,Pacifier Ring
ItemMouthDusterGagDuster,Duster
ItemMouthDusterGagPanel,Panel
ItemMouthPantiesMaskDarkStripes,Dark Stripes
ItemMouthPantiesMaskLightStripes,Light Stripes
ItemMouthShoeGagShoe,Shoe
ItemMouthShoeGagStrap,Strap
ItemMouthHarnessPanelGagPanel,Panel
ItemMouthHarnessPanelGagStraps,Straps
ItemMouthHarnessPanelGagMetal,Metal
ItemMouthLipGagLips,Lips
ItemMouthLipGagStraps,Straps
ItemMouthLipGagRings,Rings
ItemMouthMuzzleGagMuzzle,Muzzle
ItemMouthMuzzleGagStraps,Straps
ItemMouthFuturisticMuzzleMask,Muzzle
ItemMouthFuturisticMuzzleNose,Nose
ItemMouthFuturisticMuzzleStraps,Harness
ItemMouthFuturisticMuzzleIconLock,Icon
ItemMouth2FuturisticMuzzleMask,Muzzle
ItemMouth2FuturisticMuzzleNose,Nose
ItemMouth2FuturisticMuzzleStraps,Harness
ItemMouth2FuturisticMuzzleIconLock,Icon
ItemMouth3FuturisticMuzzleMask,Muzzle
ItemMouth3FuturisticMuzzleNose,Nose
ItemMouth3FuturisticMuzzleStraps,Harness
ItemMouth3FuturisticMuzzleIconLock,Icon
ItemMouthFuturisticPanelGagMask,Muzzle
ItemMouthFuturisticPanelGagBall,Display
ItemMouthFuturisticPanelGagLight,Light
ItemMouthFuturisticPanelGagLock,Lock
ItemMouthFuturisticHarnessPanelGagStraps,Straps
ItemMouthFuturisticHarnessPanelGagMask,Muzzle
ItemMouthFuturisticHarnessPanelGagBall,Display
ItemMouthFuturisticHarnessPanelGagLock,Lock
ItemMouthFuturisticHarnessPanelGagLight,Light
ItemMouthFuturisticHarnessBallGagStraps,Straps
ItemMouthFuturisticHarnessBallGagMask,Ball
ItemMouthFuturisticHarnessBallGagBall,Display
ItemMouthFuturisticHarnessBallGagLight,Light
ItemMouthFuturisticHarnessBallGagLock,Lock
ItemMouthGasMaskGagMask,Mask
ItemMouthGasMaskGagSides,Sides
ItemMouthGasMaskGagHighlights,Highlights
ItemMouthCageMuzzleStrap,Straps
ItemMouthCageMuzzleMuzzle,Cage
ItemMouthPaciGagBase,Pacifier
ItemMouthPaciGagStraps,Straps
ItemMouthPaciGagMetal,Buckles
ItemMouthOTNPlugGagBase,Base
ItemMouthOTNPlugGagStraps,Straps
ItemMouthOTNPlugGagPlug,Plug
ItemMouthKittyGagBase,Base
ItemMouthKittyGagLines,Lines
ItemMouthKittyGagMouth,Mouth
ItemMouthKittyHarnessPanelGagPanel,Panel
ItemMouthKittyHarnessPanelGagStraps,Straps
ItemMouthKittyHarnessPanelGagLines,Lines
ItemMouthKittyHarnessPanelGagMouth,Mouth
ItemMouthKittyMuzzleGagMuzzle,Muzzle
ItemMouthKittyMuzzleGagStraps,Straps
ItemMouthKittyMuzzleGagLines,Lines
ItemMouthKittyMuzzleGagMouth,Mouth
ItemMouthPonyGagBaseMetal,Metal
ItemMouthPonyGagBaseStraps,Straps
ItemMouthPonyGagBitLarge,Gag
ItemMouthPonyGagPlume,Plume
ItemMouthPonyGagManeB,ManeBase
ItemMouthPonyGagManeL,Mane
ItemMouthPonyGagHorn,Horn
ItemMouthPonyGagPanelBase,Panel
ItemMouthPonyGagPanelHex,Ornament
ItemMouthPonyGagReins,Reins
ItemMouthPonyGagFlags,Flags
ItemMouthPonyGagRope,Rope
ItemMouthPonyGagBlinders,Blinders
ItemMouthPonyGagPost,Post
ItemMouthLatexSheathGagBase,Mouth
ItemMouthLatexSheathGagShine,Mouth Shine
ItemMouth2WiffleGagStrap,Strap
ItemMouth2WiffleGagBall,Ball
ItemMouth2HarnessBallGagBall,Ball
ItemMouth2HarnessBallGagHarness,Harness
ItemMouth2HarnessPonyBitsMetal, Metal
ItemMouth2HarnessPonyBitsStraps, Straps
ItemMouth2HarnessPonyBitsBobble, Bobble
ItemMouth2CupholderGagGag,Gag
ItemMouth2CupholderGagHolder,Holder
ItemMouth2CupholderGagCup,Cup
ItemMouth2DildoGagStrap,Strap
ItemMouth2DildoGagDildo,Dildo
ItemMouth2HarnessBallGag1Ball,Ball
ItemMouth2HarnessBallGag1Strap,Strap
ItemMouth2BallGagBall,Ball
ItemMouth2BallGagStrap,Strap
ItemMouth2BallGagMaskStrap,Strap
ItemMouth2BallGagMaskBall,Ball
ItemMouth2MedicalMaskInner,Inner
ItemMouth2MedicalMaskOuter,Outer
ItemMouth2PrisonLockdownGagMask,Mask
ItemMouth2PrisonLockdownGagStraps,Straps
ItemMouth2PrisonLockdownGagBelts,Belts
ItemMouth2CarrotGagCarrot,Carrot
ItemMouth2CarrotGagStraps,Straps
ItemMouth2PumpkinGagPumpkin,Pumpkin
ItemMouth2PumpkinGagStraps,Straps
ItemMouth2PumpkinGagRings,Rings
ItemMouth2FoxyHarnessPanelGagPanel,Panel
ItemMouth2FoxyHarnessPanelGagStraps,Straps
ItemMouth2BitGagBit,Bit
ItemMouth2BitGagStraps,Straps
ItemMouth2BoneGagBone,Bone
ItemMouth2BoneGagStraps,Straps
ItemMouth2XLBoneGagBone,Bone
ItemMouth2XLBoneGagStraps,Straps
ItemMouth2HarnessPacifierGagHarness,Harness Straps
ItemMouth2HarnessPacifierGagMetal,Metal Parts
ItemMouth2HarnessPacifierGagPacifierOuter,Pacifier
ItemMouth2HarnessPacifierGagPacifierInner,Pacifier Ring
ItemMouth2DusterGagDuster,Duster
ItemMouth2DusterGagPanel,Panel
ItemMouth2PantiesMaskDarkStripes,Dark Stripes
ItemMouth2PantiesMaskLightStripes,Light Stripes
ItemMouth2ShoeGagShoe,Shoe
ItemMouth2ShoeGagStrap,Strap
ItemMouth2HarnessPanelGagPanel,Panel
ItemMouth2HarnessPanelGagStraps,Straps
ItemMouth2HarnessPanelGagMetal,Metal
ItemMouth2LipGagLips,Lips
ItemMouth2LipGagStraps,Straps
ItemMouth2LipGagRings,Rings
ItemMouth2MuzzleGagMuzzle,Muzzle
ItemMouth2MuzzleGagStraps,Straps
ItemMouth2GasMaskGagMask,Mask
ItemMouth2GasMaskGagSides,Sides
ItemMouth2GasMaskGagHighlights,Highlights
ItemMouth2CageMuzzleStrap,Straps
ItemMouth2CageMuzzleMuzzle,Cage
ItemMouth2PaciGagBase,Pacifier
ItemMouth2PaciGagStraps,Straps
ItemMouth2PaciGagMetal,Buckles
ItemMouth2KittyGagBase,Base
ItemMouth2KittyGagLines,Lines
ItemMouth2KittyGagMouth,Mouth
ItemMouth2KittyHarnessPanelGagPanel,Panel
ItemMouth2KittyHarnessPanelGagStraps,Straps
ItemMouth2KittyHarnessPanelGagLines,Lines
ItemMouth2KittyHarnessPanelGagMouth,Mouth
ItemMouth2KittyMuzzleGagMuzzle,Muzzle
ItemMouth2KittyMuzzleGagStraps,Straps
ItemMouth2KittyMuzzleGagLines,Lines
ItemMouth2KittyMuzzleGagMouth,Mouth
ItemMouth2PonyGagBaseMetal,Metal
ItemMouth2PonyGagBaseStraps,Straps
ItemMouth2PonyGagBitLarge,Gag
ItemMouth2PonyGagPlume,Plume
ItemMouth2PonyGagManeB,ManeBase
ItemMouth2PonyGagManeL,Mane
ItemMouth2PonyGagHorn,Horn
ItemMouth2PonyGagPanelBase,Panel
ItemMouth2PonyGagPanelHex,Ornament
ItemMouth2PonyGagReins,Reins
ItemMouth2PonyGagFlags,Flags
ItemMouth2PonyGagRope,Rope
ItemMouth2PonyGagBlinders,Blinders
ItemMouth2PonyGagPost,Post
ItemMouth2MouthFeatureGagBase,Mouth
ItemMouth2MouthFeatureGagShine,Mouth Shine
ItemMouth2MouthFeatureGagPanel,Panel
ItemMouth2MouthFeatureGagPanelShine,Panel Shine
ItemMouth3WiffleGagStrap,Strap
ItemMouth3WiffleGagBall,Ball
ItemMouth3HarnessBallGagBall,Ball
ItemMouth3HarnessBallGagHarness,Harness
ItemMouth3CupholderGagGag,Gag
ItemMouth3CupholderGagHolder,Holder
ItemMouth3CupholderGagCup,Cup
ItemMouth3DildoGagStrap,Strap
ItemMouth3DildoGagDildo,Dildo
ItemMouth3HarnessBallGag1Ball,Ball
ItemMouth3HarnessBallGag1Strap,Strap
ItemMouth3HarnessPonyBitsMetal, Metal
ItemMouth3HarnessPonyBitsStraps, Straps
ItemMouth3HarnessPonyBitsBobble, Bobble
ItemMouth3BallGagBall,Ball
ItemMouth3BallGagStrap,Strap
ItemMouth3BallGagMaskStrap,Strap
ItemMouth3BallGagMaskBall,Ball
ItemMouth3MedicalMaskInner,Inner
ItemMouth3MedicalMaskOuter,Outer
ItemMouth3PrisonLockdownGagMask,Mask
ItemMouth3PrisonLockdownGagStraps,Straps
ItemMouth3PrisonLockdownGagBelts,Belts
ItemMouth3CarrotGagCarrot,Carrot
ItemMouth3CarrotGagStraps,Straps
ItemMouth3PumpkinGagPumpkin,Pumpkin
ItemMouth3PumpkinGagStraps,Straps
ItemMouth3PumpkinGagRings,Rings
ItemMouth3FoxyHarnessPanelGagPanel,Panel
ItemMouth3FoxyHarnessPanelGagStraps,Straps
ItemMouth3BitGagBit,Bit
ItemMouth3BitGagStraps,Straps
ItemMouth3BoneGagBone,Bone
ItemMouth3BoneGagStraps,Straps
ItemMouth3XLBoneGagBone,Bone
ItemMouth3XLBoneGagStraps,Straps
ItemMouth3HarnessPacifierGagHarness,Harness Straps
ItemMouth3HarnessPacifierGagMetal,Metal Parts
ItemMouth3HarnessPacifierGagPacifierOuter,Pacifier
ItemMouth3HarnessPacifierGagPacifierInner,Pacifier Ring
ItemMouth3DusterGagDuster,Duster
ItemMouth3DusterGagPanel,Panel
ItemMouth3PantiesMaskDarkStripes,Dark Stripes
ItemMouth3PantiesMaskLightStripes,Light Stripes
ItemMouth3ShoeGagShoe,Shoe
ItemMouth3ShoeGagStrap,Strap
ItemMouth3HarnessPanelGagPanel,Panel
ItemMouth3HarnessPanelGagStraps,Straps
ItemMouth3HarnessPanelGagMetal,Metal
ItemMouth3LipGagLips,Lips
ItemMouth3LipGagStraps,Straps
ItemMouth3LipGagRings,Rings
ItemMouth3MuzzleGagMuzzle,Muzzle
ItemMouth3MuzzleGagStraps,Straps
ItemMouth3CageMuzzleStrap,Straps
ItemMouth3CageMuzzleMuzzle,Cage
ItemMouth3GasMaskGagMask,Mask
ItemMouth3GasMaskGagSides,Sides
ItemMouth3GasMaskGagHighlights,Highlights
ItemMouth3PaciGagBase,Pacifier
ItemMouth3PaciGagStraps,Straps
ItemMouth3PaciGagMetal,Buckles
ItemMouth3KittyGagBase,Base
ItemMouth3KittyGagLines,Lines
ItemMouth3KittyGagMouth,Mouth
ItemMouth3KittyHarnessPanelGagPanel,Panel
ItemMouth3KittyHarnessPanelGagStraps,Straps
ItemMouth3KittyHarnessPanelGagLines,Lines
ItemMouth3KittyHarnessPanelGagMouth,Mouth
ItemMouth3KittyMuzzleGagMuzzle,Muzzle
ItemMouth3KittyMuzzleGagStraps,Straps
ItemMouth3KittyMuzzleGagLines,Lines
ItemMouth3KittyMuzzleGagMouth,Mouth
ItemMouth3PonyGagBaseMetal,Metal
ItemMouth3PonyGagBaseStraps,Straps
ItemMouth3PonyGagBitLarge,Gag
ItemMouth3PonyGagPlume,Plume
ItemMouth3PonyGagManeB,ManeBase
ItemMouth3PonyGagManeL,Mane
ItemMouth3PonyGagHorn,Horn
ItemMouth3PonyGagPanelBase,Panel
ItemMouth3PonyGagPanelHex,Ornament
ItemMouth3PonyGagReins,Reins
ItemMouth3PonyGagFlags,Flags
ItemMouth3PonyGagRope,Rope
ItemMouth3PonyGagBlinders,Blinders
ItemMouth3PonyGagPost,Post
ItemMouth3StitchesFakeMouth,Lips
ItemMouth3StitchesStraight,Thread
MaskFoxMaskUpper,Upper
MaskFoxMaskLower,Lower
MaskKittyMask3Highlights,Highlights
MaskKittyMask3Mask,Mask
MaskPetNoseCheeks,Cheeks
MaskPetNoseNose,Nose
MaskPetNoseGloss,Nose Gloss
MaskPetNoseWhiskers,Whiskers
MaskGlitterFreckles,Color One
MaskGlitterFreckles2,Color Two
ItemTorsoHighSecurityHarnessStrapsHarness,Straps
ItemTorsoHighSecurityHarnessClampsHarness,Clasps
ItemTorsoFuturisticHarnessBand,Straps
ItemTorsoFuturisticHarnessDisplay,Display
ItemTorsoFuturisticHarnessMesh,Module
ItemTorsoFuturisticHarnessLock,Lock
ItemBreastFuturisticBraBra,Body
ItemBreastFuturisticBraDisplay,Display
ItemBreastFuturisticBraMesh,Mesh
ItemBreastFuturisticBraLock,Lock
ItemBreastFuturisticBraText,Text
ItemBreastFuturisticBra2Bra,Body
ItemBreastFuturisticBra2Display,Display
ItemBreastFuturisticBra2Mesh,Mesh
ItemBreastFuturisticBra2Shine,Shine
ItemBreastFuturisticBra2Lock,Lock
ItemBreastFuturisticBra2Straps,Straps
ItemPelvisFuturisticChastityBeltScreen,Screen
ItemPelvisFuturisticChastityBeltMesh,Mesh
ItemPelvisFuturisticChastityBeltMesh2_3,Padding
ItemPelvisFuturisticChastityBeltPlugCap,Plug Cap
ItemPelvisFuturisticChastityBeltPlug_4,Plug
ItemPelvisFuturisticChastityBeltBelt,Front
ItemPelvisFuturisticChastityBeltLock,Lock
ItemPelvisFuturisticChastityBeltBand_2,Band
ItemPelvisFuturisticChastityBeltStrap_4,Strap
ItemPelvisFuturisticTrainingBeltDisplay,Screen
ItemPelvisFuturisticTrainingBeltMesh,Body
ItemPelvisFuturisticTrainingBeltMesh2,Padding
ItemPelvisFuturisticTrainingBeltBelt,Front
ItemPelvisFuturisticTrainingBeltBand,Band
ItemPelvisFuturisticTrainingBeltLock,Lock
ItemPelvisSciFiPleasurePantiesScreen,Interface
ItemPelvisSciFiPleasurePantiesMesh2,Panty Base
ItemPelvisSciFiPleasurePantiesMesh1,Wires
ItemPelvisSciFiPleasurePantiesBand,Metal Band
ItemPelvisSciFiPleasurePantiesPlug2,Pussy Toy
ItemPelvisSciFiPleasurePantiesPlug1,Clitoris Toy
ItemPelvisSciFiPleasurePantiesLock,Lock Icon
ItemDevicesFuturisticCrateDisplay,Screen
ItemDevicesFuturisticCrateLock,Lock
ItemDevicesFuturisticCrateFrame,Frame
ItemDevicesFuturisticCrateLid,Lid
ItemDevicesFuturisticCrateLid_Closed,Lid
ItemDevicesFuturisticCrateBody,Padding
ItemDevicesFuturisticCrateStrapsArms,Restraint Frame
ItemDevicesFuturisticCrateStrapsHarness,Harness Straps
ItemDevicesFuturisticCrateClampsHarness,Harness Clamps
ItemDevicesFuturisticCrateStrapsArmsMesh,Restraint Padding
ItemDevicesFuturisticCrateDevicePleasure,Harness
ItemDevicesFuturisticCrateDevicePleasureHolder,Actuator
ItemDevicesFuturisticCrateDevicePleasurePlug,Dildo
ItemDevicesFuturisticCrateDevicePleasureStructure,Structure
ItemDevicesFuturisticCrateGlass,Window
ItemDevicesDollBoxCover,Outside
ItemDevicesDollBoxBack,Inside
ItemDevicesDollBoxDollText,Label
ItemDevicesDollBoxText,Custom Text
ItemDevicesDollBoxHeart,Heart
ItemDevicesDollBoxGlass,Glass
ItemDevicesWoodenRackBack,Back
ItemDevicesWoodenRackFrameWood,Wooden Frame
ItemDevicesWoodenRackFrameMetal,Metal
ItemDevicesWoodenRackFrameStains,Stains
ItemDevicesWoodenRackTopRopes, Ropes
ItemDevicesWoodenRackTopChains,Chains
ItemDevicesWoodenRackTopStocksBack,Arm Stocks
ItemDevicesWoodenRackBotStocksBack,Feet Stocks
PantiesPilotPantiesLayer1,Suit
PantiesPilotPantiesLayer2,Highlights
PantiesPilotPantiesLayer3,Center
PantiesRedBowPantiesPanties,Panties
PantiesRedBowPantiesBow,Bow
SuitLowerPilotSuitLayer1,Suit
SuitLowerPilotSuitLayer2,Highlights
SuitLowerPilotSuitLayer3,Center
SuitLowerPilotSuitLayer4,Underlayment
SuitPilotSuitLayer1,Suit
SuitPilotSuitLayer2,Highlights
SuitPilotSuitLayer3,Center
SuitPilotSuitLayer4,Arms
SuitPilotSuitGloves,Gloves
SuitPilotSuitFeet,Feet
CorsetCorset6Cloth,Cloth
CorsetCorset6Leather,Leather
CorsetCorset6Buttons,Buttons
ItemEarsHeadphonesDark,Dark
ItemEarsHeadphonesLight,Light
ItemEarsFuturisticEarphonesBand,Band
ItemEarsFuturisticEarphonesDisplay,Display
ItemEarsFuturisticEarphonesLock,Lock
ItemHandsPaddedMittensGloves,Gloves
ItemHandsPaddedMittensStraps,Straps
ItemHandsPaddedMittensBuckles,Buckles
ItemHandsPawMittensGloves,Gloves
ItemHandsPawMittensStraps,Straps
ItemHandsPawMittensBuckles,Buckles
ItemHandsPawMittensPaws,Paws
ItemHeadBlackoutLensesLeft,Left Lens
ItemHeadBlackoutLensesRight,Right Lens
ItemHeadInteractiveVRHeadsetDisplay,Display
ItemHeadInteractiveVRHeadsetBody,Body
ItemHeadFrilledSleepMaskFrills,Frills
ItemHeadFrilledSleepMaskMask,Mask
ItemHeadFuturisticMaskDisplay,Tint
ItemHeadFuturisticMaskText,HUD
ItemHeadFuturisticMaskLock,Lock Icon
ItemHeadStitchesStraight,Thread Right
ItemHeadStitchesStraight2,Thread Left
ClothAccessoryBunnyCollarCuffsCuffs,Cuffs
ClothAccessoryBunnyCollarCuffsCollar,Collar
ClothAccessoryBunnyCollarCuffsBow,Bow
ClothAccessoryGlitterFreckles,Color One
ClothAccessoryGlitterFreckles2,Color Two
ItemHeadPaddedBlindfoldBase,Blindfold
ItemHeadPaddedBlindfoldTrim,Trim
ItemHeadKittyBlindfoldBase,Base
ItemHeadKittyBlindfoldEyes,Eyes
ItemHeadKittyBlindfoldEars,Ears
ItemHeadMedicalPatchRight,Right Eye
ItemHeadMedicalPatchLeft,Left Eye
ItemHeadMedicalPatchRightHeart,Right Eye Sticker
ItemHeadMedicalPatchLeftHeart,Left Eye Sticker
ItemHeadDroneMaskBase,Mask
ItemHeadDroneMaskShine,Shine
ItemHeadDroneMaskEyeRegular,Eyes
ItemHeadDroneMaskMouthOnahole,Mouth
ItemHeadDroneMaskBarcode,Pattern
ItemDevicesWetFloorSign,Sign
ItemDevicesWetFloorText,Text
BraCuteBikini1Main,Main
BraCuteBikini1Sides,Sides
BraSexyBikini1Main,Main
BraSexyBikini1Sides,Sides
ItemMiscServingTrayTray,Tray
ItemMiscServingTrayObjects,Refreshments
ItemMiscServingTrayDetails,Details
BraceletSpikeBandsBands,Bands
BraceletSpikeBandsSpikes,Spikes
BraceletLaceBandsLace,Lace
BraceletLaceBandsBands,Bands
WingsSteampunkWingsGears,Gears
WingsSteampunkWingsWings,Wings
WingsSteampunkWingsWingFrames,Frame
WingsBeeWingsWings,Wings
WingsBeeWingsVeins,Veins
WingsBeeWingsBone,Bone
WingsCyberWingsBase,Base
WingsCyberWingsShade,Shade
WingsCyberWingsHighlights,Highlights
WingsPixieWingsWings,Wings
WingsPixieWingsVeins,Veins
GlassesVGlassesFrame,Frame
GlassesVGlassesGlass,Lenses
GlassesGradientSunglassesFrame,Frame
GlassesGradientSunglassesGlass,Glass
GlovesBikerGlovesHands,Gloves
GlovesBikerGlovesStraps,Straps
